time,axis_x,axis_y,axis_z
0.00999999978,0.999999937,5.24234261e-13,-0.000354182828
0.0199999996,0.999999506,1.33256098e-12,-0.000994027083
0.0299999993,0.999998452,5.35904657e-12,-0.00175972695
0.0399999991,0.999996667,1.64040499e-11,-0.00258184973
0.0499999989,0.999994079,2.83967568e-11,-0.00344108108
0.0599999987,0.999990623,3.85505338e-11,-0.00433049035
0.0699999984,0.999986248,4.65798141e-11,-0.00524434215
0.0799999982,0.99998092,5.28822034e-11,-0.00617736194
0.089999998,0.999974615,5.78617455e-11,-0.00712529409
0.0999999978,0.999967316,6.18279045e-11,-0.0080849215
0.109999998,0.999959013,6.5016986e-11,-0.00905382059
0.119999997,0.999949697,6.65383756e-11,-0.0100301272
0.129999997,0.999939362,6.45270626e-11,-0.0110123838
0.139999997,0.999928004,5.94612204e-11,-0.011999455
0.149999997,0.999915621,5.23990114e-11,-0.0129904446
0.159999996,0.99990221,4.41327017e-11,-0.0139846386
0.169999996,0.999887772,3.51513068e-11,-0.0149814637
0.179999996,0.999872304,2.57681217e-11,-0.015980458
0.189999996,0.999855808,1.62015188e-11,-0.0169812475
0.199999996,0.999838283,6.60928077e-12,-0.0179835279
0.209999995,0.99981973,-2.89530632e-12,-0.0189870508
0.219999995,0.999800148,-1.2232644e-11,-0.0199916121
0.229999995,0.999779538,-2.13483358e-11,-0.0209970439
0.239999995,0.9997579,-3.02066398e-11,-0.022003207
0.249999994,0.999735235,-3.87855756e-11,-0.023009986
0.259999994,0.999711543,-4.70732978e-11,-0.0240172847
0.269999994,0.999686825,-5.50653929e-11,-0.0250250224
0.279999994,0.999661081,-6.27628494e-11,-0.0260331315
0.289999994,0.99963431,-7.01705275e-11,-0.0270415548
0.299999993,0.999606514,-7.72960053e-11,-0.028050244
0.309999993,0.999577693,-8.41487082e-11,-0.029059158
0.319999993,0.999547848,-9.07392558e-11,-0.0300682617
0.329999993,0.999516977,-9.70789714e-11,-0.0310775251
0.339999992,0.999485082,-1.03179519e-10,-0.0320869224
0.349999992,0.999452163,-1.09052634e-10,-0.0330964314
0.359999992,0.99941822,-1.14709928e-10,-0.0341060328
0.369999992,0.999383247,-1.20202402e-10,-0.0351158846
0.379999992,0.99934724,-1.25546068e-10,-0.0361260819
0.389999991,0.999310213,-1.3063145e-10,-0.037136198
0.399999991,0.999272168,-1.35510538e-10,-0.0381462199
0.409999991,0.999233102,-1.40246684e-10,-0.0391562031
0.419999991,0.999193014,-1.4485438e-10,-0.0401661734
0.42999999,0.999151903,-1.49328118e-10,-0.0411761346
0.43999999,0.999109771,-1.53665636e-10,-0.0421860837
0.44999999,0.999066616,-1.57870879e-10,-0.0431960175
0.45999999,0.99902244,-1.61950469e-10,-0.0442059326
0.469999989,0.998977242,-1.65911322e-10,-0.045215826
0.479999989,0.998931021,-1.69759985e-10,-0.0462256945
0.489999989,0.998883779,-1.73502631e-10,-0.0472355349
0.499999989,0.998835515,-1.77145104e-10,-0.0482453443
0.509999989,0.99878623,-1.80692932e-10,-0.0492551196
0.519999988,0.998735923,-1.84151321e-10,-0.0502648581
0.529999988,0.998684586,-1.87562322e-10,-0.051274731
0.539999988,0.998632212,-1.90933653e-10,-0.0522848449
0.549999988,0.998578823,-1.94156499e-10,-0.0532947857
0.559999987,0.99852441,-1.97315115e-10,-0.0543047232
0.569999987,0.998468963,-2.00465527e-10,-0.0553148295
0.579999987,0.998412503,-2.03503252e-10,-0.0563247255
0.589999987,0.998355029,-2.06461847e-10,-0.0573344191
0.599999987,0.998296529,-2.09420196e-10,-0.0583441508
0.609999986,0.998236993,-2.12384445e-10,-0.0593540655
0.619999986,0.998176445,-2.15231949e-10,-0.0603637645
0.629999986,0.998114885,-2.17999588e-10,-0.0613732505
0.639999986,0.998052309,-2.20734113e-10,-0.0623825912
0.649999985,0.997988716,-2.23440785e-10,-0.0633918231
0.659999985,0.997924104,-2.26109155e-10,-0.0644009591
0.669999985,0.997858473,-2.28732473e-10,-0.0654100041
0.679999985,0.997791823,-2.31309777e-10,-0.0664189614
0.689999985,0.997724154,-2.3384273e-10,-0.0674278333
0.699999984,0.997655466,-2.3633355e-10,-0.0684366214
0.709999984,0.997585759,-2.38784405e-10,-0.0694453269
0.719999984,0.997515033,-2.41197363e-10,-0.0704539502
0.729999984,0.997443288,-2.43574408e-10,-0.0714624915
0.739999983,0.997370524,-2.4591743e-10,-0.0724709505
0.749999983,0.99729674,-2.48228207e-10,-0.073479327
0.759999983,0.997221938,-2.50508402e-10,-0.0744876204
0.769999983,0.997146118,-2.50899848e-10,-0.0754958283
0.779999983,0.997069279,-2.45763634e-10,-0.0765039465
0.789999982,0.996991421,-2.35216746e-10,-0.0775119749
0.799999982,0.996912545,-2.20507829e-10,-0.078519914
0.809999982,0.996832651,-2.02706455e-10,-0.0795277638
0.819999982,0.996751739,-1.82544105e-10,-0.080535524
0.829999981,0.996669809,-1.60531058e-10,-0.081543194
0.839999981,0.99658686,-1.3704826e-10,-0.082550773
0.849999981,0.996502894,-1.12391747e-10,-0.0835582605
0.859999981,0.996417909,-8.67948649e-11,-0.0845656554
0.869999981,0.996331907,-6.04426149e-11,-0.0855729571
0.87999998,0.996244887,-3.34824506e-11,-0.0865801645
0.88999998,0.99615685,-6.03260997e-12,-0.0875872769
0.89999998,0.996067794,2.18115201e-11,-0.0885942931
0.90999998,0.995977722,4.9972551e-11,-0.0896012123
0.919999979,0.995886632,7.83873675e-11,-0.0906080336
0.929999979,0.995794525,1.07004242e-10,-0.0916147558
0.939999979,0.995701401,1.35780585e-10,-0.0926213782
0.949999979,0.995607244,1.6304661e-10,-0.0936280729
0.959999979,0.995512042,1.85558759e-10,-0.0946349497
0.969999978,0.995415835,2.04942237e-10,-0.0956416014
0.979999978,0.995318622,2.25534299e-10,-0.0966480242
0.989999978,0.995220399,2.48463313e-10,-0.0976542747
0.999999978,0.995121163,2.7317047e-10,-0.0986603841
1.00999998,0.995020912,2.98981767e-10,-0.0996663644
1.01999998,0.994919647,3.25496728e-10,-0.10067222
1.02999998,0.994817367,3.52505159e-10,-0.101677954
1.03999998,0.994714072,3.79880329e-10,-0.102683568
1.04999998,0.994609762,4.07531461e-10,-0.103689064
1.05999998,0.994504436,4.35388939e-10,-0.104694441
1.06999998,0.994398096,4.63398908e-10,-0.1056997
1.07999998,0.994290741,4.91519638e-10,-0.106704841
1.08999998,0.99418237,5.19718528e-10,-0.107709864
1.09999998,0.994072966,5.46397785e-10,-0.108714941
1.10999998,0.993962515,5.68456816e-10,-0.109720182
1.11999997,0.993851062,5.87500474e-10,-0.11072518
1.12999997,0.993738608,6.07706581e-10,-0.111729934
1.13999997,0.993625147,6.3010491e-10,-0.112734499
1.14999997,0.993510655,6.5253463e-10,-0.11373908
1.15999997,0.993395118,6.71243791e-10,-0.1147438
1.16999997,0.993278582,6.87560778e-10,-0.115748257
1.17999997,0.993161047,7.0552523e-10,-0.116752453
1.18999997,0.993042506,7.26033199e-10,-0.117756446
1.19999997,0.992922957,7.48440992e-10,-0.118760269
1.20999997,0.992802397,7.72057635e-10,-0.119763937
1.21999997,0.992680805,7.94927637e-10,-0.120767627
1.22999997,0.992558146,8.13795508e-10,-0.121771621
1.23999997,0.992434434,8.29994032e-10,-0.122775791
1.24999997,0.992309684,8.47294707e-10,-0.12378001
1.25999997,0.992183925,8.65216501e-10,-0.124784047
1.26999997,0.992057195,8.82236002e-10,-0.125787602
1.27999997,0.99192946,8.99441485e-10,-0.126790953
1.28999997,0.99180067,9.13934493e-10,-0.127794485
1.29999997,0.991670857,9.25355113e-10,-0.128797951
1.30999997,0.991540047,9.34322819e-10,-0.12980114
1.31999997,0.991408195,9.42961211e-10,-0.130804398
1.32999997,0.991275306,9.54781335e-10,-0.131807693
1.33999997,0.991141387,9.69832853e-10,-0.132810958
1.34999997,0.991006467,9.85927135e-10,-0.133813986
1.35999997,0.990870561,9.99414476e-10,-0.134816656
1.36999997,0.990733641,1.00976259e-09,-0.135819189
1.37999997,0.990595722,1.01772903e-09,-0.13682147
1.38999997,0.99045676,1.02543286e-09,-0.137823823
1.39999997,0.990316761,1.03626369e-09,-0.138826199
1.40999997,0.990175757,1.04888166e-09,-0.13982836
1.41999997,0.990033769,1.05969274e-09,-0.140830165
1.42999997,0.989890744,1.06948195e-09,-0.141831994
1.43999997,0.989746684,1.08177044e-09,-0.142833826
1.44999997,0.989601597,1.09684117e-09,-0.143835598
1.45999997,0.989455489,1.11414097e-09,-0.144837273
1.46999997,0.989308362,1.13314963e-09,-0.145838835
1.47999997,0.989160241,1.15205203e-09,-0.146840108
1.48999997,0.989011144,1.16764205e-09,-0.147840986
1.49999997,0.988861037,1.17963788e-09,-0.148841693
1.50999997,0.988709963,1.19045738e-09,-0.149841948
1.51999997,0.988557888,1.20222153e-09,-0.150841977
1.52999997,0.988404758,1.21372806e-09,-0.151842139
1.53999997,0.988250584,1.22699767e-09,-0.152842347
1.54999997,0.988095381,1.24233005e-09,-0.153842509
1.55999997,0.987939182,1.25814091e-09,-0.154842411
1.56999996,0.987782006,1.27132261e-09,-0.155841933
1.57999996,0.987623794,1.28287263e-09,-0.156841456
1.58999996,0.987464546,1.296259e-09,-0.157840962
1.59999996,0.987304301,1.31058288e-09,-0.158840222
1.60999996,0.987143108,1.3242393e-09,-0.159838931
1.61999996,0.986980923,1.33808811e-09,-0.160837367
1.62999996,0.986817682,1.35097882e-09,-0.161835912
1.63999996,0.986653426,1.36394798e-09,-0.162834324
1.64999996,0.986488187,1.374936e-09,-0.163832408
1.65999996,0.986321934,1.38349105e-09,-0.164830347
1.66999996,0.986154716,1.3915344e-09,-0.16582785
1.67999996,0.985986498,1.40081077e-09,-0.166825134
1.68999996,0.985817248,1.40891724e-09,-0.167822389
1.69999996,0.985647025,1.41659614e-09,-0.168819261
1.70999996,0.985475798,1.42533171e-09,-0.169815937
1.71999996,0.985303508,1.43409983e-09,-0.170812757
1.72999996,0.985130169,1.44479625e-09,-0.171809631
1.73999996,0.984955829,1.45650632e-09,-0.172806293
1.74999996,0.984780543,1.46784538e-09,-0.173802423
1.75999996,0.984604294,1.48096322e-09,-0.174798122
1.76999996,0.984427066,1.49605789e-09,-0.175793494
1.77999996,0.984248817,1.51128195e-09,-0.17678876
1.78999996,0.984069525,1.52382006e-09,-0.177784052
1.79999996,0.983889229,1.53351321e-09,-0.178779154
1.80999996,0.983707906,1.54095986e-09,-0.179774177
1.81999996,0.983525588,1.54680203e-09,-0.18076896
1.82999996,0.983342248,1.55136446e-09,-0.181763645
1.83999996,0.983157914,1.55496034e-09,-0.182758079
1.84999996,0.98297256,1.55772245e-09,-0.183752407
1.85999996,0.982786244,1.56117283e-09,-0.184746311
1.86999996,0.982598928,1.56657937e-09,-0.185739998
1.87999996,0.982410547,1.57262995e-09,-0.186733812
1.88999996,0.982221149,1.57987325e-09,-0.187727499
1.89999996,0.982030772,1.58615769e-09,-0.188720859
1.90999996,0.981839351,1.59209869e-09,-0.18971423
1.91999996,0.98164689,1.6004693e-09,-0.190707583
1.92999996,0.981453404,1.61153101e-09,-0.191700849
1.93999996,0.981258899,1.62478779e-09,-0.192693986
1.94999996,0.98106338,1.63971503e-09,-0.193686976
1.95999996,0.980866881,1.65470431e-09,-0.194679641
1.96999996,0.980669457,1.66832876e-09,-0.195671706
1.97999996,0.980471087,1.68275345e-09,-0.196663285
1.98999996,0.98027175,1.69827722e-09,-0.197654489
1.99999996,0.980071434,1.71445795e-09,-0.198645375
2.00999996,0.979870133,1.73097109e-09,-0.199635973
2.01999995,0.979667846,1.74767383e-09,-0.200626298
2.02999995,0.979464569,1.76450622e-09,-0.201616363
2.03999995,0.979260301,1.78143752e-09,-0.202606177
2.04999995,0.97905504,1.79844909e-09,-0.203595747
2.05999995,0.978848786,1.81552869e-09,-0.204585077
2.06999995,0.978641538,1.83266731e-09,-0.205574173
2.07999995,0.978433295,1.84985748e-09,-0.206563035
2.08999995,0.978224057,1.86709236e-09,-0.207551668
2.09999995,0.978013823,1.88436537e-09,-0.208540071
2.10999995,0.977802595,1.90167009e-09,-0.209528246
2.11999995,0.97759037,1.9190002e-09,-0.210516193
2.12999995,0.977377151,1.93634948e-09,-0.211503914
2.13999995,0.977162935,1.95371182e-09,-0.212491407
2.14999995,0.976947724,1.97108129e-09,-0.213478673
2.15999995,0.976731518,1.98845213e-09,-0.214465712
2.16999995,0.976514316,2.00581878e-09,-0.215452523
2.17999995,0.97629612,2.02317591e-09,-0.216439106
2.18999995,0.976076928,2.0405184e-09,-0.217425461
2.19999995,0.975856741,2.05784138e-09,-0.218411586
2.20999995,0.975635559,2.07514022e-09,-0.219397482
2.21999995,0.975413383,2.09241051e-09,-0.220383147
2.22999995,0.975190213,2.10964809e-09,-0.221368581
2.23999995,0.974966048,2.126849e-09,-0.222353784
2.24999995,0.974740889,2.14400953e-09,-0.223338753
2.25999995,0.974514737,2.16112615e-09,-0.22432349
2.26999995,0.97428759,2.17819554e-09,-0.225307992
2.27999995,0.974059451,2.19521457e-09,-0.226292258
2.28999995,0.973830318,2.2121803e-09,-0.22727629
2.29999995,0.973600192,2.22908995e-09,-0.228260084
2.30999995,0.973369073,2.2459409e-09,-0.229243641
2.31999995,0.973136962,2.2627307e-09,-0.230226959
2.32999995,0.972903859,2.27945702e-09,-0.231210038
2.33999995,0.972669763,2.29611769e-09,-0.232192876
2.34999995,0.972434676,2.31271066e-09,-0.233175474
2.35999995,0.972198596,2.329234e-09,-0.234157829
2.36999995,0.971961526,2.34568589e-09,-0.235139942
2.37999995,0.971723464,2.36206462e-09,-0.236121811
2.38999995,0.971484411,2.3783686e-09,-0.237103434
2.39999995,0.971244368,2.39459631e-09,-0.238084812
2.40999995,0.971003334,2.41074632e-09,-0.239065944
2.41999995,0.97076131,2.4268173e-09,-0.240046828
2.42999995,0.970518296,2.442808e-09,-0.241027463
2.43999995,0.970274292,2.45871723e-09,-0.242007849
2.44999995,0.970029298,2.47454389e-09,-0.242987985
2.45999995,0.969783315,2.49028692e-09,-0.243967869
2.46999994,0.969536344,2.50594535e-09,-0.244947501
2.47999994,0.969288383,2.52151826e-09,-0.245926879
2.48999994,0.969039434,2.53700479e-09,-0.246906004
2.49999994,0.968789497,2.55240411e-09,-0.247884874
2.50999994,0.968538572,2.56771548e-09,-0.248863487
2.51999994,0.968286659,2.58293818e-09,-0.249841843
2.52999994,0.968033758,2.59807154e-09,-0.250819942
2.53999994,0.96777987,2.61311493e-09,-0.251797781
2.54999994,0.967524995,2.62806778e-09,-0.252775361
2.55999994,0.967269134,2.64292953e-09,-0.25375268
2.56999994,0.967012286,2.65769968e-09,-0.254729737
2.57999994,0.966754452,2.67237776e-09,-0.255706531
2.58999994,0.966495631,2.68696331e-09,-0.256683062
2.59999994,0.966235826,2.70145594e-09,-0.257659328
2.60999994,0.965975034,2.71585526e-09,-0.258635329
2.61999994,0.965713258,2.73016092e-09,-0.259611062
2.62999994,0.965450496,2.7443726e-09,-0.260586529
2.63999994,0.96518675,2.75848999e-09,-0.261561726
2.64999994,0.96492202,2.77251282e-09,-0.262536655
2.65999994,0.964656306,2.78644085e-09,-0.263511313
2.66999994,0.964389607,2.80027384e-09,-0.264485699
2.67999994,0.964121926,2.81401159e-09,-0.265459813
2.68999994,0.963853261,2.82765391e-09,-0.266433654
2.69999994,0.963583612,2.84120064e-09,-0.267407221
2.70999994,0.963312982,2.85465162e-09,-0.268380512
2.71999994,0.963041368,2.86800673e-09,-0.269353528
2.72999994,0.962768773,2.88126585e-09,-0.270326266
2.73999994,0.962495196,2.89442889e-09,-0.271298725
2.74999994,0.962220637,2.90749577e-09,-0.272270906
2.75999994,0.961945096,2.92046642e-09,-0.273242807
2.76999994,0.961668575,2.93334078e-09,-0.274214427
2.77999994,0.961391073,2.94611883e-09,-0.275185764
2.78999994,0.961112543,2.95805567e-09,-0.276156983
2.79999994,0.96083291,2.96861788e-09,-0.277128345
2.80999994,0.960552209,2.97978666e-09,-0.278099719
2.81999994,0.960270473,2.99229134e-09,-0.279070992
2.82999994,0.959987719,3.00597282e-09,-0.280042103
2.83999994,0.959703956,3.02043401e-09,-0.281013021
2.84999994,0.959419188,3.03536739e-09,-0.281983726
2.85999994,0.959133421,3.05057781e-09,-0.282954202
2.86999994,0.958846658,3.06593018e-09,-0.283924437
2.87999994,0.958558902,3.08131939e-09,-0.284894423
2.88999994,0.958270154,3.09666187e-09,-0.285864149
2.89999994,0.957980417,3.11189317e-09,-0.286833611
2.90999993,0.957689692,3.12696518e-09,-0.287802802
2.91999993,0.957397981,3.14184288e-09,-0.288771719
2.92999993,0.957105285,3.15650135e-09,-0.289740357
2.93999993,0.956811603,3.1709234e-09,-0.290708713
2.94999993,0.956516939,3.18509777e-09,-0.291676784
2.95999993,0.956221291,3.19901769e-09,-0.292644567
2.96999993,0.955924661,3.21267986e-09,-0.29361206
2.97999993,0.95562705,3.22608355e-09,-0.294579261
2.98999993,0.955328458,3.23922998e-09,-0.295546168
2.99999993,0.955028885,3.25212183e-09,-0.296512779
3.00999993,0.954728333,3.26476279e-09,-0.297479092
3.01999993,0.954426801,3.27715733e-09,-0.298445105
3.02999993,0.954124291,3.28931043e-09,-0.299410818
3.03999993,0.953820802,3.3012274e-09,-0.300376228
3.04999993,0.953516334,3.31291375e-09,-0.301341335
3.05999993,0.95321089,3.32437508e-09,-0.302306136
3.06999993,0.952904468,3.33561702e-09,-0.30327063
3.07999993,0.952597069,3.34664514e-09,-0.304234817
3.08999993,0.952288694,3.35746494e-09,-0.305198695
3.09999993,0.951979343,3.36808177e-09,-0.306162262
3.10999993,0.951669016,3.37850087e-09,-0.307125518
3.11999993,0.951357714,3.38872729e-09,-0.30808846
3.12999993,0.951045438,3.39876594e-09,-0.309051089
3.13999993,0.950732186,3.40862154e-09,-0.310013403
3.14999993,0.950417961,3.41829863e-09,-0.3109754
3.15999993,0.950102762,3.42780158e-09,-0.31193708
3.16999993,0.949786589,3.4371346e-09,-0.312898442
3.17999993,0.949469444,3.44630169e-09,-0.313859484
3.18999993,0.949151325,3.45530673e-09,-0.314820205
3.19999993,0.948832235,3.46415341e-09,-0.315780605
3.20999993,0.948512172,3.47284526e-09,-0.316740681
3.21999993,0.948191138,3.48138568e-09,-0.317700434
3.22999993,0.947869133,3.48977791e-09,-0.318659862
3.23999993,0.947546156,3.49802507e-09,-0.319618963
3.24999993,0.94722221,3.50613014e-09,-0.320577738
3.25999993,0.946897292,3.51409596e-09,-0.321536184
3.26999993,0.946571406,3.52192527e-09,-0.322494301
3.27999993,0.946244549,3.52962069e-09,-0.323452087
3.28999993,0.945916724,3.53718473e-09,-0.324409543
3.29999993,0.94558793,3.5446198e-09,-0.325366666
3.30999993,0.945258167,3.5519282e-09,-0.326323456
3.31999993,0.944927436,3.55911217e-09,-0.327279911
3.32999993,0.944595738,3.56617382e-09,-0.328236031
3.33999993,0.944263072,3.5731152e-09,-0.329191814
3.34999993,0.943929439,3.57993828e-09,-0.33014726
3.35999992,0.94359484,3.58664494e-09,-0.331102368
3.36999992,0.943259274,3.59323701e-09,-0.332057136
3.37999992,0.942922743,3.59971622e-09,-0.333011564
3.38999992,0.942585245,3.60608428e-09,-0.33396565
3.39999992,0.942246783,3.61234279e-09,-0.334919394
3.40999992,0.941907356,3.61849332e-09,-0.335872794
3.41999992,0.941566964,3.62453738e-09,-0.336825849
3.42999992,0.941225608,3.63047642e-09,-0.33777856
3.43999992,0.940883288,3.63631186e-09,-0.338730923
3.44999992,0.940540005,3.64204503e-09,-0.339682939
3.45999992,0.940195759,3.64767726e-09,-0.340634607
3.46999992,0.93985055,3.65320982e-09,-0.341585925
3.47999992,0.939504378,3.65864392e-09,-0.342536893
3.48999992,0.939157245,3.66398075e-09,-0.34348751
3.49999992,0.93880915,3.66922146e-09,-0.344437774
3.50999992,0.938460094,3.67436717e-09,-0.345387684
3.51999992,0.938110077,3.67941895e-09,-0.34633724
3.52999992,0.937759099,3.68437784e-09,-0.347286441
3.53999992,0.937407161,3.68924487e-09,-0.348235285
3.54999992,0.937054264,3.69402102e-09,-0.349183772
3.55999992,0.936700407,3.69870724e-09,-0.350131901
3.56999992,0.936345591,3.70330446e-09,-0.35107967
3.57999992,0.935989816,3.70781359e-09,-0.352027079
3.58999992,0.935633083,3.71223551e-09,-0.352974127
3.59999992,0.935275392,3.71657107e-09,-0.353920813
3.60999992,0.934916743,3.7208211e-09,-0.354867135
3.61999992,0.934557137,3.72498641e-09,-0.355813093
3.62999992,0.934196575,3.7290678e-09,-0.356758686
3.63999992,0.933835055,3.73306604e-09,-0.357703913
3.64999992,0.93347258,3.73698187e-09,-0.358648773
3.65999992,0.933109149,3.74081603e-09,-0.359593264
3.66999992,0.932744763,3.74456924e-09,-0.360537387
3.67999992,0.932379422,3.74824219e-09,-0.361481139
3.68999992,0.932013126,3.75183558e-09,-0.362424521
3.69999992,0.931645876,3.75535006e-09,-0.363367531
3.70999992,0.931277672,3.75878629e-09,-0.364310167
3.71999992,0.930908515,3.76214491e-09,-0.36525243
3.72999992,0.930538404,3.76542655e-09,-0.366194318
3.73999992,0.930167341,3.76863181e-09,-0.36713583
3.74999992,0.929795326,3.7717613e-09,-0.368076965
3.75999992,0.929422358,3.77481561e-09,-0.369017723
3.76999992,0.92904844,3.77779531e-09,-0.369958102
3.77999992,0.92867357,3.78070097e-09,-0.370898101
3.78999992,0.928297749,3.78353314e-09,-0.371837719
3.79999992,0.927920978,3.78629237e-09,-0.372776956
3.80999991,0.927543257,3.78897919e-09,-0.373715811
3.81999991,0.927164586,3.79159413e-09,-0.374654282
3.82999991,0.926784966,3.7941377e-09,-0.375592368
3.83999991,0.926404397,3.7966104e-09,-0.376530069
3.84999991,0.92602288,3.79901275e-09,-0.377467383
3.85999991,0.925640415,3.80134523e-09,-0.37840431
3.86999991,0.925257002,3.80360832e-09,-0.379340849
3.87999991,0.924872642,3.80580249e-09,-0.380276999
3.88999991,0.924487335,3.80792822e-09,-0.381212758
3.89999991,0.924101082,3.80998596e-09,-0.382148126
3.90999991,0.923713882,3.81197617e-09,-0.383083102
3.91999991,0.923325737,3.81389929e-09,-0.384017685
3.92999991,0.922936647,3.81575577e-09,-0.384951874
3.93999991,0.922546612,3.81754604e-09,-0.385885668
3.94999991,0.922155632,3.81927053e-09,-0.386819066
3.95999991,0.921763709,3.82092965e-09,-0.387752067
3.96999991,0.921370841,3.82252384e-09,-0.38868467
3.97999991,0.920977031,3.8240535e-09,-0.389616874
3.98999991,0.920582277,3.82551903e-09,-0.390548679
3.99999991,0.920186582,3.82692084e-09,-0.391480083
4.00999991,0.919789944,3.82825933e-09,-0.392411085
4.01999991,0.919392364,3.82953489e-09,-0.393341684
4.02999991,0.918993844,3.83074789e-09,-0.39427188
4.03999991,0.918594382,3.83189874e-09,-0.395201672
4.04999991,0.91819398,3.8329878e-09,-0.396131058
4.05999991,0.917792638,3.83401545e-09,-0.397060037
4.06999991,0.917390357,3.83498207e-09,-0.397988609
4.07999991,0.916987136,3.83588801e-09,-0.398916773
4.08999991,0.916582977,3.83673364e-09,-0.399844528
4.09999991,0.916177879,3.83751932e-09,-0.400771873
4.10999991,0.915771844,3.8382454e-09,-0.401698806
4.11999991,0.91536487,3.83891224e-09,-0.402625327
4.12999991,0.91495696,3.83952018e-09,-0.403551435
4.13999991,0.914548113,3.84006958e-09,-0.40447713
4.14999991,0.91413833,3.84056076e-09,-0.405402409
4.15999991,0.913727611,3.84099408e-09,-0.406327272
4.16999991,0.913315957,3.84136986e-09,-0.407251719
4.17999991,0.912903368,3.84168845e-09,-0.408175748
4.18999991,0.912489844,3.84195016e-09,-0.409099358
4.19999991,0.912075386,3.84215533e-09,-0.410022549
4.20999991,0.911659994,3.84230428e-09,-0.410945319
4.21999991,0.911243669,3.84239734e-09,-0.411867667
4.22999991,0.910826411,3.84243481e-09,-0.412789593
4.23999991,0.910408221,3.84241703e-09,-0.413711096
4.24999991,0.909989099,3.8423443e-09,-0.414632174
4.2599999,0.909569045,3.84221693e-09,-0.415552827
4.2699999,0.90914806,3.84203524e-09,-0.416473054
4.2799999,0.908726145,3.84179953e-09,-0.417392853
4.2899999,0.908303299,3.8415101e-09,-0.418312225
4.2999999,0.907879523,3.84116727e-09,-0.419231168
4.3099999,0.907454818,3.84077132e-09,-0.42014968
4.3199999,0.907029184,3.84032256e-09,-0.421067762
4.3299999,0.906602621,3.83982129e-09,-0.421985412
4.3399999,0.90617513,3.8392678e-09,-0.422902629
4.3499999,0.905746712,3.83866237e-09,-0.423819412
4.3599999,0.905317366,3.83800531e-09,-0.424735761
4.3699999,0.904887094,3.83729689e-09,-0.425651674
4.3799999,0.904455895,3.83653742e-09,-0.426567151
4.3899999,0.90402377,3.83572716e-09,-0.42748219
4.3999999,0.90359072,3.83486641e-09,-0.428396791
4.4099999,0.903156745,3.83395544e-09,-0.429310952
4.4199999,0.902721845,3.83299454e-09,-0.430224674
4.4299999,0.902286022,3.83198398e-09,-0.431137954
4.4399999,0.901849274,3.83092404e-09,-0.432050792
4.4499999,0.901411603,3.829815e-09,-0.432963187
4.4599999,0.90097301,3.82865711e-09,-0.433875138
4.4699999,0.900533494,3.82745067e-09,-0.434786644
4.4799999,0.900093056,3.82619593e-09,-0.435697705
4.4899999,0.899651697,3.82489317e-09,-0.436608318
4.4999999,0.899209417,3.82354265e-09,-0.437518484
4.5099999,0.898766217,3.82214464e-09,-0.438428202
4.5199999,0.898322096,3.8206994e-09,-0.439337469
4.5299999,0.897877056,3.8192072e-09,-0.440246287
4.5399999,0.897431096,3.81766828e-09,-0.441154653
4.5499999,0.896984218,3.81608292e-09,-0.442062567
4.5599999,0.896536422,3.81445137e-09,-0.442970027
4.5699999,0.896087707,3.81277389e-09,-0.443877033
4.5799999,0.895638076,3.81105074e-09,-0.444783584
4.5899999,0.895187528,3.80928216e-09,-0.44568968
4.5999999,0.894736063,3.80746841e-09,-0.446595318
4.6099999,0.894283682,3.80560974e-09,-0.447500498
4.6199999,0.893830386,3.8037064e-09,-0.44840522
4.6299999,0.893376175,3.80175865e-09,-0.449309482
4.6399999,0.892921049,3.79976672e-09,-0.450213283
4.6499999,0.892465009,3.79773087e-09,-0.451116623
4.6599999,0.892008056,3.79565134e-09,-0.4520195
4.6699999,0.891550189,3.79352837e-09,-0.452921914
4.6799999,0.89109141,3.7913622e-09,-0.453823864
4.6899999,0.890631718,3.78915308e-09,-0.454725348
4.69999989,0.890171115,3.78690126e-09,-0.455626367
4.70999989,0.889709601,3.78460695e-09,-0.456526918
4.71999989,0.889247175,3.78227042e-09,-0.457427001
4.72999989,0.88878384,3.77989188e-09,-0.458326615
4.73999989,0.888319594,3.77747158e-09,-0.45922576
4.74999989,0.887854439,3.77500975e-09,-0.460124434
4.75999989,0.887388376,3.77250663e-09,-0.461022636
4.76999989,0.886921404,3.76996245e-09,-0.461920365
4.77999989,0.886453523,3.76737743e-09,-0.462817621
4.78999989,0.885984736,3.76475182e-09,-0.463714403
4.79999989,0.885515041,3.76208583e-09,-0.46461071
4.80999989,0.88504444,3.75937969e-09,-0.46550654
4.81999989,0.884572933,3.75663364e-09,-0.466401893
4.82999989,0.884100521,3.7538479e-09,-0.467296768
4.83999989,0.883627203,3.75102269e-09,-0.468191164
4.84999989,0.883152981,3.74815824e-09,-0.46908508
4.85999989,0.882677855,3.74525477e-09,-0.469978515
4.86999989,0.882201825,3.7423125e-09,-0.470871469
4.87999989,0.881724892,3.73933165e-09,-0.47176394
4.88999989,0.881247056,3.73631245e-09,-0.472655927
4.89999989,0.880768319,3.7332551e-09,-0.47354743
4.90999989,0.880288679,3.73015983e-09,-0.474438448
4.91999989,0.879808139,3.72702686e-09,-0.47532898
4.92999989,0.879326698,3.7238564e-09,-0.476219024
4.93999989,0.878844356,3.72064866e-09,-0.47710858
4.94999989,0.878361115,3.71740386e-09,-0.477997647
4.95999989,0.877876975,3.71412221e-09,-0.478886225
4.96999989,0.877391936,3.71080392e-09,-0.479774311
4.97999989,0.876905999,3.70744921e-09,-0.480661906
4.98999989,0.876419244,3.70433077e-09,-0.481548865
4.99999989,0.8759318,3.70116935e-09,-0.482434951
5.00999989,0.875443611,3.69600346e-09,-0.48332027
5.01999989,0.874954623,3.6881066e-09,-0.484204924
5.02999989,0.874464804,3.67823311e-09,-0.485088968
5.03999989,0.873974141,3.66737547e-09,-0.485972429
5.04999989,0.873482624,3.65614589e-09,-0.486855324
5.05999989,0.872990246,3.64483616e-09,-0.487737665
5.06999989,0.872497003,3.63359811e-09,-0.488619463
5.07999989,0.87200289,3.62253363e-09,-0.489500724
5.08999989,0.871507906,3.61171746e-09,-0.490381454
5.09999989,0.871012046,3.60120106e-09,-0.491261657
5.10999989,0.87051531,3.59101614e-09,-0.492141336
5.11999989,0.870017697,3.58117941e-09,-0.493020493
5.12999989,0.869519206,3.57169687e-09,-0.49389913
5.13999989,0.869019835,3.56256711e-09,-0.494777249
5.14999988,0.868519585,3.55378358e-09,-0.49565485
5.15999988,0.868018456,3.54533622e-09,-0.496531933
5.16999988,0.867516446,3.53721272e-09,-0.4974085
5.17999988,0.867013557,3.52939932e-09,-0.498284549
5.18999988,0.866509788,3.52188146e-09,-0.499160082
5.19999988,0.866005139,3.51464425e-09,-0.500035099
5.20999988,0.86549961,3.5076728e-09,-0.500909598
5.21999988,0.864993202,3.50095239e-09,-0.501783579
5.22999988,0.864485915,3.4944687e-09,-0.502657043
5.23999988,0.863977749,3.48820786e-09,-0.503529989
5.24999988,0.863468704,3.48215656e-09,-0.504402416
5.25999988,0.862958781,3.47630204e-09,-0.505274323
5.26999988,0.862447981,3.47063215e-09,-0.506145711
5.27999988,0.861936302,3.46513532e-09,-0.507016578
5.28999988,0.861423747,3.45980059e-09,-0.507886924
5.29999988,0.860910315,3.45461756e-09,-0.508756748
5.30999988,0.860396007,3.44957641e-09,-0.50962605
5.31999988,0.859880823,3.44466782e-09,-0.510494829
5.32999988,0.859364764,3.43988302e-09,-0.511363083
5.33999988,0.858847829,3.43521371e-09,-0.512230813
5.34999988,0.85833002,3.43065204e-09,-0.513098018
5.35999988,0.857811337,3.42619063e-09,-0.513964697
5.36999988,0.857291781,3.4218225e-09,-0.514830848
5.37999988,0.856771351,3.41754104e-09,-0.515696472
5.38999988,0.856250049,3.41334005e-09,-0.516561568
5.39999988,0.855727875,3.40921365e-09,-0.517426134
5.40999988,0.855204829,3.4051563e-09,-0.518290171
5.41999988,0.854680911,3.40116276e-09,-0.519153676
5.42999988,0.854156123,3.39722809e-09,-0.520016651
5.43999988,0.853630465,3.39334761e-09,-0.520879092
5.44999988,0.853103937,3.38951691e-09,-0.521741001
5.45999988,0.85257654,3.38573183e-09,-0.522602375
5.46999988,0.852048275,3.38198842e-09,-0.523463215
5.47999988,0.851519141,3.37828294e-09,-0.524323519
5.48999988,0.850989139,3.37461189e-09,-0.525183287
5.49999988,0.850458271,3.37097193e-09,-0.526042517
5.50999988,0.849926535,3.36735989e-09,-0.52690121
5.51999988,0.849393934,3.36377281e-09,-0.527759363
5.52999988,0.848860467,3.36020785e-09,-0.528616977
5.53999988,0.848326135,3.35666235e-09,-0.52947405
5.54999988,0.847790938,3.35313377e-09,-0.530330582
5.55999988,0.847254877,3.34961973e-09,-0.531186571
5.56999988,0.846717953,3.34611795e-09,-0.532042018
5.57999988,0.846180165,3.34262629e-09,-0.53289692
5.58999988,0.845641516,3.33914271e-09,-0.533751278
5.59999987,0.845102004,3.33566529e-09,-0.53460509
5.60999987,0.844561631,3.33219221e-09,-0.535458356
5.61999987,0.844020397,3.32872174e-09,-0.536311075
5.62999987,0.843478303,3.32525224e-09,-0.537163245
5.63999987,0.842935349,3.32178217e-09,-0.538014867
5.64999987,0.842391536,3.31831006e-09,-0.538865939
5.65999987,0.841846864,3.31483451e-09,-0.53971646
5.66999987,0.841301334,3.31135421e-09,-0.54056643
5.67999987,0.840754946,3.30786791e-09,-0.541415848
5.68999987,0.840207702,3.30437444e-09,-0.542264712
5.69999987,0.8396596,3.30087267e-09,-0.543113023
5.70999987,0.839110643,3.29736155e-09,-0.543960779
5.71999987,0.83856083,3.29384008e-09,-0.544807979
5.72999987,0.838010163,3.29030731e-09,-0.545654622
5.73999987,0.837458641,3.28676234e-09,-0.546500708
5.74999987,0.836906266,3.28320433e-09,-0.547346237
5.75999987,0.836353037,3.27963247e-09,-0.548191206
5.76999987,0.835798955,3.27604601e-09,-0.549035615
5.77999987,0.835244022,3.27244423e-09,-0.549879463
5.78999987,0.834688237,3.26882645e-09,-0.55072275
5.79999987,0.834131601,3.26519204e-09,-0.551565475
5.80999987,0.833574114,3.2615404e-09,-0.552407636
5.81999987,0.833015778,3.25787095e-09,-0.553249233
5.82999987,0.832456592,3.25418317e-09,-0.554090266
5.83999987,0.831896558,3.25047654e-09,-0.554930732
5.84999987,0.831335675,3.2467506e-09,-0.555770632
5.85999987,0.830773945,3.2430049e-09,-0.556609964
5.86999987,0.830211368,3.23923901e-09,-0.557448729
5.87999987,0.829647944,3.23545255e-09,-0.558286924
5.88999987,0.829083674,3.23164515e-09,-0.559124549
5.89999987,0.828518559,3.22781645e-09,-0.559961603
5.90999987,0.8279526,3.22396615e-09,-0.560798085
5.91999987,0.827385796,3.22009392e-09,-0.561633995
5.92999987,0.826818148,3.2161995e-09,-0.562469332
5.93999987,0.826249658,3.21228262e-09,-0.563304095
5.94999987,0.825680325,3.20834304e-09,-0.564138282
5.95999987,0.82511015,3.20438052e-09,-0.564971894
5.96999987,0.824539134,3.20039486e-09,-0.565804929
5.97999987,0.823967277,3.19638587e-09,-0.566637386
5.98999987,0.823394579,3.19235336e-09,-0.567469265
5.99999987,0.822821043,3.18829717e-09,-0.568300564
6.00999987,0.822246667,3.18421715e-09,-0.569131284
6.01999987,0.821671453,3.18011317e-09,-0.569961423
6.02999987,0.821095401,3.17598509e-09,-0.57079098
6.03999986,0.820518512,3.17183281e-09,-0.571619954
6.04999986,0.819940786,3.16765623e-09,-0.572448345
6.05999986,0.819362224,3.16345525e-09,-0.573276152
6.06999986,0.818782826,3.15922979e-09,-0.574103373
6.07999986,0.818202594,3.1549798e-09,-0.574930009
6.08999986,0.817621527,3.1507052e-09,-0.575756058
6.09999986,0.817039627,3.14640594e-09,-0.576581519
6.10999986,0.816456893,3.14208199e-09,-0.577406392
6.11999986,0.815873327,3.13773331e-09,-0.578230675
6.12999986,0.815288929,3.13335988e-09,-0.579054369
6.13999986,0.8147037,3.12896167e-09,-0.579877471
6.14999986,0.81411764,3.12453868e-09,-0.580699982
6.15999986,0.813530749,3.1200909e-09,-0.5815219
6.16999986,0.812943029,3.11561833e-09,-0.582343224
6.17999986,0.812354481,3.11112099e-09,-0.583163955
6.18999986,0.811765103,3.10659888e-09,-0.58398409
6.19999986,0.811174898,3.10205203e-09,-0.584803629
6.20999986,0.810583866,3.09748047e-09,-0.585622572
6.21999986,0.809992007,3.09288422e-09,-0.586440916
6.22999986,0.809399322,3.08826332e-09,-0.587258663
6.23999986,0.808805812,3.08361781e-09,-0.58807581
6.24999986,0.808211477,3.07894774e-09,-0.588892357
6.25999986,0.807616318,3.07425316e-09,-0.589708303
6.26999986,0.807020335,3.06953411e-09,-0.590523648
6.27999986,0.80642353,3.06479066e-09,-0.591338389
6.28999986,0.805825902,3.06002287e-09,-0.592152528
6.29999986,0.805227452,3.05523081e-09,-0.592966062
6.30999986,0.804628181,3.05041453e-09,-0.593778991
6.31999986,0.80402809,3.04557411e-09,-0.594591314
6.32999986,0.803427178,3.04070962e-09,-0.595403031
6.33999986,0.802825448,3.03582115e-09,-0.59621414
6.34999986,0.802222898,3.03090877e-09,-0.59702464
6.35999986,0.801619531,3.02597256e-09,-0.597834532
6.36999986,0.801015346,3.02101261e-09,-0.598643813
6.37999986,0.800410344,3.016029e-09,-0.599452484
6.38999986,0.799804526,3.01102182e-09,-0.600260543
6.39999986,0.799197893,3.00599116e-09,-0.601067989
6.40999986,0.798590444,3.00093712e-09,-0.601874823
6.41999986,0.797982181,2.99585979e-09,-0.602681042
6.42999986,0.797373105,2.99075926e-09,-0.603486646
6.43999986,0.796763215,2.98563564e-09,-0.604291634
6.44999986,0.796152512,2.98048902e-09,-0.605096006
6.45999986,0.795540998,2.97531951e-09,-0.605899761
6.46999986,0.794928673,2.9701272e-09,-0.606702897
6.47999986,0.794315536,2.9649122e-09,-0.607505414
6.48999985,0.79370159,2.95967462e-09,-0.608307312
6.49999985,0.793086835,2.95441455e-09,-0.609108589
6.50999985,0.79247127,2.94913211e-09,-0.609909244
6.51999985,0.791854898,2.94382741e-09,-0.610709277
6.52999985,0.791237717,2.93850054e-09,-0.611508687
6.53999985,0.79061973,2.93315163e-09,-0.612307473
6.54999985,0.790000937,2.92778078e-09,-0.613105635
6.55999985,0.789381338,2.9223881e-09,-0.61390317
6.56999985,0.788760934,2.9169737e-09,-0.61470008
6.57999985,0.788139726,2.9115377e-09,-0.615496362
6.58999985,0.787517714,2.90608021e-09,-0.616292017
6.59999985,0.786894899,2.90060134e-09,-0.617087042
6.60999985,0.786271281,2.8951012e-09,-0.617881438
6.61999985,0.785646862,2.88957991e-09,-0.618675204
6.62999985,0.785021641,2.88403758e-09,-0.619468339
6.63999985,0.78439562,2.87847433e-09,-0.620260841
6.64999985,0.783768799,2.87289027e-09,-0.621052711
6.65999985,0.783141179,2.86728551e-09,-0.621843947
6.66999985,0.78251276,2.86166017e-09,-0.622634549
6.67999985,0.781883543,2.85601437e-09,-0.623424515
6.68999985,0.781253528,2.85034823e-09,-0.624213845
6.69999985,0.780622717,2.84466184e-09,-0.625002539
6.70999985,0.77999111,2.83895534e-09,-0.625790595
6.71999985,0.779358707,2.83322884e-09,-0.626578012
6.72999985,0.77872551,2.82748244e-09,-0.627364791
6.73999985,0.778091518,2.82171628e-09,-0.628150929
6.74999985,0.777456733,2.81593046e-09,-0.628936426
6.75999985,0.776821155,2.81012509e-09,-0.629721282
6.76999985,0.776184785,2.8043003e-09,-0.630505496
6.77999985,0.775547623,2.7984562e-09,-0.631289066
6.78999985,0.77490967,2.7925929e-09,-0.632071992
6.79999985,0.774270928,2.78671051e-09,-0.632854273
6.80999985,0.773631395,2.78080916e-09,-0.633635909
6.81999985,0.772991074,2.77488895e-09,-0.634416898
6.82999985,0.772349964,2.76895e-09,-0.63519724
6.83999985,0.771708066,2.76299242e-09,-0.635976934
6.84999985,0.771065382,2.75701633e-09,-0.636755979
6.85999985,0.770421911,2.75102184e-09,-0.637534375
6.86999985,0.769777655,2.74500906e-09,-0.63831212
6.87999985,0.769132613,2.73897811e-09,-0.639089214
6.88999985,0.768486788,2.73292908e-09,-0.639865656
6.89999985,0.767840178,2.72686211e-09,-0.640641445
6.90999985,0.767192785,2.7207773e-09,-0.641416581
6.91999985,0.76654461,2.71467476e-09,-0.642191062
6.92999985,0.765895654,2.70855459e-09,-0.642964888
6.93999984,0.765245916,2.70241692e-09,-0.643738059
6.94999984,0.764595398,2.69626185e-09,-0.644510572
6.95999984,0.7639441,2.69008948e-09,-0.645282428
6.96999984,0.763292023,2.68389994e-09,-0.646053626
6.97999984,0.762639167,2.67769332e-09,-0.646824165
6.98999984,0.761985534,2.67146974e-09,-0.647594044
6.99999984,0.761331124,2.66522931e-09,-0.648363262
7.00999984,0.760675937,2.65897212e-09,-0.649131819
7.01999984,0.760019975,2.65269829e-09,-0.649899714
7.02999984,0.759363237,2.64640792e-09,-0.650666945
7.03999984,0.758705725,2.64010112e-09,-0.651433513
7.04999984,0.75804744,2.633778e-09,-0.652199417
7.05999984,0.757388381,2.62743865e-09,-0.652964655
7.06999984,0.75672855,2.62108319e-09,-0.653729227
7.07999984,0.756067947,2.61471171e-09,-0.654493132
7.08999984,0.755406573,2.60832433e-09,-0.655256369
7.09999984,0.754744429,2.60192114e-09,-0.656018938
7.10999984,0.754081515,2.59550224e-09,-0.656780838
7.11999984,0.753417832,2.58906775e-09,-0.657542068
7.12999984,0.752753381,2.58261775e-09,-0.658302626
7.13999984,0.752088162,2.57615235e-09,-0.659062514
7.14999984,0.751422176,2.56967166e-09,-0.659821729
7.15999984,0.750755423,2.56317576e-09,-0.660580271
7.16999984,0.750087905,2.55666476e-09,-0.661338139
7.17999984,0.749419622,2.55013877e-09,-0.662095333
7.18999984,0.748750575,2.54359787e-09,-0.662851851
7.19999984,0.748080765,2.53704216e-09,-0.663607693
7.20999984,0.747410191,2.53047175e-09,-0.664362858
7.21999984,0.746738855,2.52388672e-09,-0.665117345
7.22999984,0.746066758,2.51728718e-09,-0.665871154
7.23999984,0.745393899,2.51067322e-09,-0.666624283
7.24999984,0.744720281,2.50404494e-09,-0.667376733
7.25999984,0.744045903,2.49740243e-09,-0.668128501
7.26999984,0.743370766,2.49074578e-09,-0.668879588
7.27999984,0.742694871,2.48407509e-09,-0.669629993
7.28999984,0.742018219,2.47739045e-09,-0.670379715
7.29999984,0.74134081,2.47069196e-09,-0.671128753
7.30999984,0.740662645,2.4639797e-09,-0.671877106
7.31999984,0.739983725,2.45725377e-09,-0.672624774
7.32999984,0.73930405,2.45051426e-09,-0.673371756
7.33999984,0.738623621,2.44376126e-09,-0.674118051
7.34999984,0.737942439,2.43699486e-09,-0.674863658
7.35999984,0.737260504,2.43021514e-09,-0.675608577
7.36999984,0.736577818,2.42342221e-09,-0.676352806
7.37999984,0.73589438,2.41661614e-09,-0.677096346
7.38999983,0.735210192,2.40979703e-09,-0.677839195
7.39999983,0.734525254,2.40296495e-09,-0.678581352
7.40999983,0.733839567,2.39612001e-09,-0.679322818
7.41999983,0.733153131,2.38926228e-09,-0.68006359
7.42999983,0.732465948,2.38239186e-09,-0.680803669
7.43999983,0.731778018,2.37550882e-09,-0.681543053
7.44999983,0.731089341,2.36861325e-09,-0.682281742
7.45999983,0.730399919,2.36170524e-09,-0.683019734
7.46999983,0.729709753,2.35478487e-09,-0.683757031
7.47999983,0.729018842,2.34785222e-09,-0.684493629
7.48999983,0.728327187,2.34090738e-09,-0.68522953
7.49999983,0.72763479,2.33395043e-09,-0.685964731
7.50999983,0.72694165,2.32698145e-09,-0.686699233
7.51999983,0.72624777,2.32000052e-09,-0.687433034
7.52999983,0.725553148,2.31300772e-09,-0.688166135
7.53999983,0.724857787,2.30600314e-09,-0.688898533
7.54999983,0.724161687,2.29898685e-09,-0.689630228
7.55999983,0.723464848,2.29195894e-09,-0.69036122
7.56999983,0.722767271,2.28491948e-09,-0.691091508
7.57999983,0.722068957,2.27786855e-09,-0.69182109
7.58999983,0.721369907,2.27080623e-09,-0.692549967
7.59999983,0.720670121,2.2637326e-09,-0.693278138
7.60999983,0.7199696,2.25664773e-09,-0.694005601
7.61999983,0.719268345,2.24955171e-09,-0.694732357
7.62999983,0.718566357,2.2424446e-09,-0.695458403
7.63999983,0.717863635,2.23532649e-09,-0.696183741
7.64999983,0.717160182,2.22819744e-09,-0.696908368
7.65999983,0.716455997,2.22105754e-09,-0.697632284
7.66999983,0.715751082,2.21390685e-09,-0.698355489
7.67999983,0.715045436,2.20674546e-09,-0.699077982
7.68999983,0.714339062,2.19957344e-09,-0.699799761
7.69999983,0.713631958,2.19239085e-09,-0.700520826
7.70999983,0.712924128,2.18519778e-09,-0.701241177
7.71999983,0.71221557,2.17799429e-09,-0.701960813
7.72999983,0.711506285,2.17078046e-09,-0.702679732
7.73999983,0.710796275,2.16355635e-09,-0.703397935
7.74999983,0.710085541,2.15632205e-09,-0.70411542
7.75999983,0.709374082,2.14907761e-09,-0.704832187
7.76999983,0.7086619,2.14182311e-09,-0.705548235
7.77999983,0.707948994,2.13455862e-09,-0.706263564
7.78999983,0.707235368,2.12728421e-09,-0.706978171
7.79999983,0.706521019,2.11999994e-09,-0.707692058
7.80999983,0.705805951,2.1127059e-09,-0.708405223
7.81999983,0.705090162,2.10540213e-09,-0.709117665
7.82999982,0.704373654,2.09808872e-09,-0.709829384
7.83999982,0.703656428,2.09076572e-09,-0.710540379
7.84999982,0.702938485,2.08343321e-09,-0.711250649
7.85999982,0.702219825,2.07609126e-09,-0.711960194
7.86999982,0.701500448,2.06873992e-09,-0.712669012
7.87999982,0.700780356,2.06137926e-09,-0.713377104
7.88999982,0.70005955,2.05400936e-09,-0.714084468
7.89999982,0.699338029,2.04663026e-09,-0.714791103
7.90999982,0.698615795,2.03924205e-09,-0.715497009
7.91999982,0.697892849,2.03184478e-09,-0.716202186
7.92999982,0.697169191,2.02443851e-09,-0.716906632
7.93999982,0.696444823,2.01702332e-09,-0.717610346
7.94999982,0.695719744,2.00959925e-09,-0.718313329
7.95999982,0.694993955,2.00216639e-09,-0.719015579
7.96999982,0.694267458,1.99472478e-09,-0.719717095
7.97999982,0.693540252,1.98727449e-09,-0.720417878
7.98999982,0.69281234,1.97981557e-09,-0.721117925
7.99999982,0.692083721,1.97234811e-09,-0.721817237
8.00999982,0.691354396,1.96487214e-09,-0.722515813
8.01999982,0.690624366,1.95738774e-09,-0.723213651
8.02999982,0.689893631,1.94989496e-09,-0.723910752
8.03999982,0.689162194,1.94239386e-09,-0.724607115
8.04999982,0.688430053,1.93488451e-09,-0.725302738
8.05999982,0.68769721,1.92736696e-09,-0.725997622
8.06999982,0.686963666,1.91984127e-09,-0.726691765
8.07999982,0.686229422,1.91230749e-09,-0.727385167
8.08999982,0.685494477,1.9047657e-09,-0.728077827
8.09999982,0.684758834,1.89721593e-09,-0.728769744
8.10999982,0.684022492,1.88965826e-09,-0.729460918
8.11999982,0.683285453,1.88209274e-09,-0.730151348
8.12999982,0.682547716,1.87451942e-09,-0.730841033
8.13999982,0.681809284,1.86693836e-09,-0.731529972
8.14999982,0.681070157,1.85934962e-09,-0.732218165
8.15999982,0.680330334,1.85175325e-09,-0.732905612
8.16999982,0.679589819,1.84414931e-09,-0.733592311
8.17999982,0.67884861,1.83653786e-09,-0.734278261
8.18999982,0.678106708,1.82891894e-09,-0.734963463
8.19999982,0.677364116,1.82129262e-09,-0.735647915
8.20999982,0.676620832,1.81365894e-09,-0.736331617
8.21999982,0.675876858,1.80601796e-09,-0.737014567
8.22999982,0.675132196,1.79836974e-09,-0.737696766
8.23999982,0.674386844,1.79071432e-09,-0.738378212
8.24999982,0.673640805,1.78305176e-09,-0.739058905
8.25999982,0.672894079,1.77538212e-09,-0.739738845
8.26999982,0.672146667,1.76770544e-09,-0.740418029
8.27999981,0.671398569,1.76002177e-09,-0.741096459
8.28999981,0.670649787,1.75233118e-09,-0.741774132
8.29999981,0.669900321,1.7446337e-09,-0.742451049
8.30999981,0.669150171,1.7369294e-09,-0.743127209
8.31999981,0.668399339,1.72921832e-09,-0.743802611
8.32999981,0.667647826,1.7215005e-09,-0.744477253
8.33999981,0.666895631,1.71377602e-09,-0.745151137
8.34999981,0.666142757,1.7060449e-09,-0.745824261
8.35999981,0.665389203,1.6983072e-09,-0.746496623
8.36999981,0.664634971,1.69056298e-09,-0.747168225
8.37999981,0.66388006,1.68281228e-09,-0.747839064
8.38999981,0.663124473,1.67505515e-09,-0.74850914
8.39999981,0.66236821,1.66729163e-09,-0.749178453
8.40999981,0.661611271,1.65952178e-09,-0.749847002
8.41999981,0.660853657,1.65174564e-09,-0.750514786
8.42999981,0.66009537,1.64396327e-09,-0.751181804
8.43999981,0.659336409,1.63617471e-09,-0.751848056
8.44999981,0.658576776,1.62838e-09,-0.752513541
8.45999981,0.657816471,1.62057919e-09,-0.753178259
8.46999981,0.657055496,1.61277234e-09,-0.753842209
8.47999981,0.65629385,1.60495948e-09,-0.754505389
8.48999981,0.655531535,1.59714067e-09,-0.7551678
8.49999981,0.654768552,1.58931594e-09,-0.755829441
8.50999981,0.654004901,1.58148535e-09,-0.75649031
8.51999981,0.653240583,1.57364894e-09,-0.757150408
8.52999981,0.652475599,1.56580676e-09,-0.757809734
8.53999981,0.651709949,1.55795884e-09,-0.758468287
8.54999981,0.650943635,1.55010524e-09,-0.759126066
8.55999981,0.650176657,1.542246e-09,-0.759783071
8.56999981,0.649409016,1.53438116e-09,-0.760439301
8.57999981,0.648640712,1.52651078e-09,-0.761094755
8.58999981,0.647871748,1.51863488e-09,-0.761749433
8.59999981,0.647102122,1.51075351e-09,-0.762403334
8.60999981,0.646331837,1.50286673e-09,-0.763056457
8.61999981,0.645560892,1.49497457e-09,-0.763708802
8.62999981,0.644789289,1.48707707e-09,-0.764360368
8.63999981,0.644017029,1.47917427e-09,-0.765011155
8.64999981,0.643244112,1.47126623e-09,-0.765661161
8.65999981,0.642470538,1.46335298e-09,-0.766310386
8.66999981,0.64169631,1.45543456e-09,-0.766958829
8.67999981,0.640921427,1.44751101e-09,-0.76760649
8.68999981,0.640145891,1.43958238e-09,-0.768253368
8.69999981,0.639369702,1.43164871e-09,-0.768899463
8.70999981,0.638592861,1.42371004e-09,-0.769544773
8.71999981,0.637815368,1.4157664e-09,-0.770189299
8.7299998,0.637037226,1.40781785e-09,-0.770833038
8.7399998,0.636258433,1.39986442e-09,-0.771475992
8.7499998,0.635478992,1.39190615e-09,-0.772118159
8.7599998,0.634698903,1.38394307e-09,-0.772759538
8.7699998,0.633918166,1.37597524e-09,-0.773400129
8.7799998,0.633136783,1.36800269e-09,-0.774039931
8.7899998,0.632354754,1.36002546e-09,-0.774678943
8.7999998,0.631572081,1.35204358e-09,-0.775317165
8.8099998,0.630788763,1.3440571e-09,-0.775954597
8.8199998,0.630004802,1.33606606e-09,-0.776591237
8.8299998,0.629220199,1.3280705e-09,-0.777227085
8.8399998,0.628434954,1.32007044e-09,-0.77786214
8.8499998,0.627649068,1.31206594e-09,-0.778496402
8.8599998,0.626862542,1.30405703e-09,-0.77912987
8.8699998,0.626075377,1.29604374e-09,-0.779762543
8.8799998,0.625287573,1.28802612e-09,-0.78039442
8.8899998,0.624499132,1.28000419e-09,-0.781025502
8.8999998,0.623710053,1.27197801e-09,-0.781655787
8.9099998,0.622920339,1.26394761e-09,-0.782285275
8.9199998,0.62212999,1.25591301e-09,-0.782913965
8.9299998,0.621339006,1.24787427e-09,-0.783541856
8.9399998,0.620547388,1.23983141e-09,-0.784168948
8.9499998,0.619755138,1.23178447e-09,-0.78479524
8.9599998,0.618962256,1.2237335e-09,-0.785420732
8.9699998,0.618168742,1.21567851e-09,-0.786045423
8.9799998,0.617374598,1.20761956e-09,-0.786669311
8.9899998,0.616579825,1.19955667e-09,-0.787292398
8.9999998,0.615784422,1.19148988e-09,-0.787914681
9.0099998,0.614988392,1.18341923e-09,-0.788536161
9.0199998,0.614191735,1.17534474e-09,-0.789156837
9.0299998,0.613394451,1.16726647e-09,-0.789776707
9.0399998,0.612596542,1.15918443e-09,-0.790395773
9.0499998,0.611798008,1.15109867e-09,-0.791014031
9.0599998,0.61099885,1.14300922e-09,-0.791631483
9.0699998,0.610199069,1.13491611e-09,-0.792248128
9.0799998,0.609398666,1.12681937e-09,-0.792863965
9.0899998,0.608597641,1.11871905e-09,-0.793478992
9.0999998,0.607795996,1.11061517e-09,-0.794093211
9.1099998,0.60699373,1.10250778e-09,-0.79470662
9.1199998,0.606190846,1.09439689e-09,-0.795319218
9.1299998,0.605387344,1.08628254e-09,-0.795931004
9.1399998,0.604583225,1.07816478e-09,-0.796541979
9.1499998,0.603778488,1.07004362e-09,-0.797152142
9.1599998,0.602973136,1.06191911e-09,-0.797761491
9.1699998,0.60216717,1.05379128e-09,-0.798370027
9.17999979,0.601360589,1.04566015e-09,-0.798977748
9.18999979,0.600553395,1.03752576e-09,-0.799584655
9.19999979,0.599745588,1.02938814e-09,-0.800190746
9.20999979,0.59893717,1.02124733e-09,-0.80079602
9.21999979,0.598128141,1.01310336e-09,-0.801400478
9.22999979,0.597318502,1.00495625e-09,-0.802004119
9.23999979,0.596508255,9.96806039e-10,-0.802606941
9.24999979,0.595697398,9.88652759e-10,-0.803208945
9.25999979,0.594885935,9.80496441e-10,-0.80381013
9.26999979,0.594073864,9.72337115e-10,-0.804410495
9.27999979,0.593261188,9.64174813e-10,-0.805010039
9.28999979,0.592447907,9.56009564e-10,-0.805608762
9.29999979,0.591634022,9.47841399e-10,-0.806206664
9.30999979,0.590819533,9.3967035e-10,-0.806803743
9.31999979,0.590004442,9.31496446e-10,-0.807399999
9.32999979,0.589188749,9.23319716e-10,-0.807995432
9.33999979,0.588372455,9.15140192e-10,-0.808590041
9.34999979,0.587555562,9.06957904e-10,-0.809183825
9.35999979,0.586738069,8.98772879e-10,-0.809776783
9.36999979,0.585919978,8.9058515e-10,-0.810368916
9.37999979,0.585101289,8.82394744e-10,-0.810960222
9.38999979,0.584282004,8.74201691e-10,-0.811550701
9.39999979,0.583462123,8.6600602e-10,-0.812140352
9.40999979,0.582641647,8.57807761e-10,-0.812729175
9.41999979,0.581820576,8.49606941e-10,-0.813317169
9.42999979,0.580998913,8.41403591e-10,-0.813904333
9.43999979,0.580176657,8.33197738e-10,-0.814490667
9.44999979,0.579353809,8.24989411e-10,-0.815076171
9.45999979,0.578530371,8.16778639e-10,-0.815660843
9.46999979,0.577706342,8.08565449e-10,-0.816244683
9.47999979,0.576881725,8.0034987e-10,-0.81682769
9.48999979,0.576056519,7.9213193e-10,-0.817409865
9.49999979,0.575230725,7.83911656e-10,-0.817991206
9.50999979,0.574404346,7.75689077e-10,-0.818571712
9.51999979,0.57357738,7.67464219e-10,-0.819151384
9.52999979,0.572749829,7.59237111e-10,-0.81973022
9.53999979,0.571921695,7.51007779e-10,-0.820308219
9.54999979,0.571092977,7.42776252e-10,-0.820885383
9.55999979,0.570263677,7.34542555e-10,-0.821461709
9.56999979,0.569433795,7.26306717e-10,-0.822037197
9.57999979,0.568603333,7.18068763e-10,-0.822611846
9.58999979,0.567772291,7.09828721e-10,-0.823185657
9.59999979,0.566940669,7.01586618e-10,-0.823758628
9.60999979,0.56610847,6.93342478e-10,-0.824330759
9.61999978,0.565275693,6.85096331e-10,-0.824902049
9.62999978,0.56444234,6.768482e-10,-0.825472498
9.63999978,0.563608412,6.68598113e-10,-0.826042104
9.64999978,0.562773908,6.60346096e-10,-0.826610869
9.65999978,0.561938831,6.52092174e-10,-0.82717879
9.66999978,0.561103181,6.43836373e-10,-0.827745867
9.67999978,0.560266958,6.35578719e-10,-0.8283121
9.68999978,0.559430164,6.27319238e-10,-0.828877489
9.69999978,0.5585928,6.19057955e-10,-0.829442032
9.70999978,0.557754866,6.10794896e-10,-0.830005729
9.71999978,0.556916363,6.02530085e-10,-0.830568579
9.72999978,0.556077293,5.94263547e-10,-0.831130582
9.73999978,0.555237655,5.85995309e-10,-0.831691738
9.74999978,0.554397451,5.77725394e-10,-0.832252045
9.75999978,0.553556682,5.69453828e-10,-0.832811503
9.76999978,0.552715348,5.61180635e-10,-0.833370112
9.77999978,0.551873451,5.5290584e-10,-0.833927871
9.78999978,0.551030991,5.44629467e-10,-0.83448478
9.79999978,0.550187969,5.3635154e-10,-0.835040837
9.80999978,0.549344386,5.28072085e-10,-0.835596042
9.81999978,0.548500242,5.19791125e-10,-0.836150396
9.82999978,0.54765554,5.11508684e-10,-0.836703896
9.83999978,0.546810279,5.03224786e-10,-0.837256543
9.84999978,0.54596446,4.94939455e-10,-0.837808336
9.85999978,0.545118085,4.86652715e-10,-0.838359275
9.86999978,0.544271154,4.78364589e-10,-0.838909358
9.87999978,0.543423667,4.70075102e-10,-0.839458586
9.88999978,0.542575627,4.61784275e-10,-0.840006958
9.89999978,0.541727033,4.53492134e-10,-0.840554473
9.90999978,0.540877887,4.451987e-10,-0.84110113
9.91999978,0.540028189,4.36903998e-10,-0.84164693
9.92999978,0.539177941,4.2860805e-10,-0.842191871
9.93999978,0.538327143,4.20310879e-10,-0.842735954
9.94999978,0.537475796,4.12012509e-10,-0.843279176
9.95999978,0.5366239,4.03712961e-10,-0.843821539
9.96999978,0.535771458,3.95412259e-10,-0.844363041
9.97999978,0.534918469,3.87110425e-10,-0.844903682
9.98999978,0.534064935,3.78807481e-10,-0.845443461
9.99999978,0.533210856,3.70503451e-10,-0.845982377
10.0099998,0.532356234,3.62198355e-10,-0.846520431
