time,F_x,F_y,F_z,T_x,T_y,T_z,U_sup,U_fluid,fluid_fraction
0.010000,-1.18930273E-11,-8.20039748E-12,1.35543106E-03,-1.31729193E-10,-4.75611387E-11,-1.56421917E-13,9.20312597E-05,9.37975092E-05,9.80552388E-01
0.020000,-1.22232177E-11,-1.03900318E-11,2.01523435E-03,-1.84268752E-12,-3.85156823E-12,-1.26490839E-13,1.79129254E-04,1.82592475E-04,9.80552388E-01
0.030000,-1.24006601E-11,-7.99237406E-12,2.47647898E-03,3.99766006E-11,9.93916874E-12,-1.60158342E-13,2.61930222E-04,2.67013795E-04,9.80552388E-01
0.040000,9.52448527E-12,1.32275187E-11,2.86401699E-03,4.47283542E-11,1.49911863E-11,-2.07306415E-13,3.40832632E-04,3.47462606E-04,9.80552388E-01
0.050000,-1.34404342E-11,7.18317754E-13,3.21485486E-03,4.97550036E-11,1.23908814E-11,-2.54783827E-13,4.16115643E-04,4.24221991E-04,9.80552388E-01
0.060000,-1.82332932E-11,-2.35674017E-12,3.54155780E-03,4.84347557E-11,1.09189590E-11,-3.00245930E-13,4.87995765E-04,4.97512181E-04,9.80552388E-01
0.070000,-2.01749964E-11,-3.99722824E-12,3.84917775E-03,4.62395114E-11,9.75433005E-12,-3.43220350E-13,5.56654146E-04,5.67517675E-04,9.80552388E-01
0.080000,-2.16484161E-11,-5.35794577E-12,4.14020782E-03,4.41097588E-11,8.81624129E-12,-3.83762969E-13,6.22250179E-04,6.34400901E-04,9.80552388E-01
0.090000,-2.28737063E-11,-6.51745026E-12,4.41618684E-03,4.21706285E-11,8.05823004E-12,-4.22041086E-13,6.84928657E-04,6.98309446E-04,9.80552388E-01
0.100000,-2.38355555E-11,-7.46976947E-12,4.67824670E-03,4.03956849E-11,7.43536206E-12,-4.58219700E-13,7.44823721E-04,7.59380052E-04,9.80552388E-01
0.110000,-2.45432844E-11,-8.23316662E-12,4.92731359E-03,3.87430359E-11,6.91140970E-12,-4.92440067E-13,8.02061147E-04,8.17740944E-04,9.80552388E-01
0.120000,-2.50308566E-11,-8.83839049E-12,5.16418940E-03,3.71811170E-11,6.46010560E-12,-5.24821332E-13,8.56759755E-04,8.73513257E-04,9.80552388E-01
0.130000,-2.53374975E-11,-9.31573714E-12,5.38958905E-03,3.56898160E-11,6.06325930E-12,-5.55466031E-13,9.09032307E-04,9.26811954E-04,9.80552388E-01
0.140000,-2.54983007E-11,-9.69035689E-12,5.60416048E-03,3.42571713E-11,5.70843437E-12,-5.84464876E-13,9.58986134E-04,9.77746463E-04,9.80552388E-01
0.150000,-2.78553081E-11,-1.40095843E-11,5.80808671E-03,5.12758920E-11,1.43361493E-11,-6.05225087E-13,1.00669225E-03,1.02638919E-03,9.80552388E-01
0.160000,1.40921707E-10,3.21042095E-10,6.00255366E-03,1.53564951E-10,-1.44498095E-11,-6.35498564E-13,1.05228261E-03,1.07287466E-03,9.80552388E-01
0.170000,5.56970162E-12,8.22895433E-11,6.18793537E-03,1.04633324E-10,-3.84179769E-12,-6.60726942E-13,1.09585032E-03,1.11729780E-03,9.80552388E-01
0.180000,-3.41709535E-11,-1.62598034E-11,6.36459300E-03,8.03089843E-11,1.05486640E-12,-6.84086673E-13,1.13748431E-03,1.15974930E-03,9.80552388E-01
0.190000,-5.07564952E-11,-6.68025667E-11,6.53299582E-03,6.29773085E-11,4.43134662E-12,-7.06120705E-13,1.17726974E-03,1.20031596E-03,9.80552388E-01
0.200000,-6.03250469E-11,-9.68797132E-11,6.69355831E-03,4.95781190E-11,6.94577552E-12,-7.26899909E-13,1.21528801E-03,1.23908080E-03,9.80552388E-01
0.210000,-6.66660025E-11,-1.16154894E-10,6.84666741E-03,3.89671217E-11,8.83562472E-12,-7.46485923E-13,1.25161701E-03,1.27612321E-03,9.80552388E-01
0.220000,-7.09396033E-11,-1.28823071E-10,6.99268764E-03,3.04647462E-11,1.02447205E-11,-7.64938477E-13,1.28633118E-03,1.31151911E-03,9.80552388E-01
0.230000,-7.36976635E-11,-1.37070470E-10,7.13196304E-03,2.35958180E-11,1.12773112E-11,-7.82314359E-13,1.31950175E-03,1.34534112E-03,9.80552388E-01
0.240000,-7.53079614E-11,-1.42202693E-10,7.26481872E-03,1.80092751E-11,1.20131246E-11,-7.98667501E-13,1.35119682E-03,1.37765867E-03,9.80552388E-01
0.250000,-7.60463579E-11,-1.45072873E-10,7.39156215E-03,1.34395421E-11,1.25142844E-11,-8.14048932E-13,1.38148152E-03,1.40853818E-03,9.80552388E-01
0.260000,-7.61236444E-11,-1.46270433E-10,7.51248445E-03,9.68293203E-12,1.28296147E-11,-8.28507093E-13,1.41041815E-03,1.43804315E-03,9.80552388E-01
0.270000,-7.57003152E-11,-1.46217122E-10,7.62786151E-03,6.58163726E-12,1.29976936E-11,-8.42087870E-13,1.43806627E-03,1.46623432E-03,9.80552388E-01
0.280000,-7.48982200E-11,-1.45221767E-10,7.73795493E-03,4.01234202E-12,1.30491316E-11,-8.54834822E-13,1.46448284E-03,1.49316976E-03,9.80552388E-01
0.290000,-7.38099649E-11,-1.43514372E-10,7.84301300E-03,1.87791459E-12,1.30083027E-11,-8.66789311E-13,1.48972231E-03,1.51890501E-03,9.80552388E-01
0.300000,-7.25062837E-11,-1.41268514E-10,7.94327148E-03,1.01277568E-13,1.28946822E-11,-8.77990599E-13,1.51383677E-03,1.54349315E-03,9.80552388E-01
0.310000,-7.10415556E-11,-1.38616741E-10,8.03895438E-03,-1.37918342E-12,1.27238834E-11,-8.88475965E-13,1.53687599E-03,1.56698496E-03,9.80552388E-01
0.320000,-7.09178728E-11,-1.39043866E-10,8.12993987E-03,1.19950291E-11,1.97488271E-11,-8.87228998E-13,1.55886185E-03,1.58940272E-03,9.80552388E-01
0.330000,-6.84856866E-11,-1.35256143E-10,8.21696873E-03,9.93910335E-12,1.91038985E-11,-8.95666287E-13,1.57986799E-03,1.61082153E-03,9.80552388E-01
0.340000,-6.64362696E-11,-1.31369530E-10,8.30006627E-03,7.58524270E-12,1.81462113E-11,-9.04000558E-13,1.59993770E-03,1.63128552E-03,9.80552388E-01
0.350000,-6.44646368E-11,-1.27467854E-10,8.37939266E-03,5.67169592E-12,1.72830546E-11,-9.11888353E-13,1.61911240E-03,1.65083693E-03,9.80552388E-01
0.360000,-6.24793636E-11,-1.23558315E-10,8.45511915E-03,4.13164785E-12,1.65131926E-11,-9.19276126E-13,1.63743172E-03,1.66951617E-03,9.80552388E-01
0.370000,-6.04785530E-11,-1.19657761E-10,8.52741098E-03,2.87467498E-12,1.58124565E-11,-9.26164722E-13,1.65493356E-03,1.68736186E-03,9.80552388E-01
0.380000,-5.84777260E-11,-1.15782558E-10,8.59642567E-03,1.83442124E-12,1.51628539E-11,-9.32568862E-13,1.67165412E-03,1.70441095E-03,9.80552388E-01
0.390000,-5.64916283E-11,-1.11946377E-10,8.66231321E-03,9.63893985E-13,1.45525637E-11,-9.38507523E-13,1.68762805E-03,1.72069874E-03,9.80552388E-01
0.400000,-5.45312427E-11,-1.08160484E-10,8.72521651E-03,2.29233757E-13,1.39738955E-11,-9.44001016E-13,1.70288845E-03,1.73625898E-03,9.80552388E-01
0.410000,-5.26043174E-11,-1.04434122E-10,8.78527182E-03,-3.94584491E-13,1.34217687E-11,-9.49069756E-13,1.71746696E-03,1.75112396E-03,9.80552388E-01
0.420000,-5.07162084E-11,-1.00774820E-10,8.84260904E-03,-9.26546352E-13,1.28927454E-11,-9.53733755E-13,1.73139384E-03,1.76532450E-03,9.80552388E-01
0.430000,-4.88706338E-11,-9.71886204E-11,8.89735204E-03,-1.38139736E-12,1.23844362E-11,-9.58012471E-13,1.74469801E-03,1.77889010E-03,9.80552388E-01
0.440000,-4.70701085E-11,-9.36802934E-11,8.94961896E-03,-1.77082928E-12,1.18951266E-11,-9.61924619E-13,1.75740709E-03,1.79184894E-03,9.80552388E-01
0.450000,-4.53163279E-11,-9.02535222E-11,8.99952246E-03,-2.10428993E-12,1.14235413E-11,-9.65488089E-13,1.76954753E-03,1.80422795E-03,9.80552388E-01
0.460000,-4.36104022E-11,-8.69110460E-11,9.04717003E-03,-2.38952459E-12,1.09686952E-11,-9.68720022E-13,1.78114456E-03,1.81605290E-03,9.80552388E-01
0.470000,-4.19529063E-11,-8.36548338E-11,9.09266417E-03,-2.63297660E-12,1.05297980E-11,-9.71636809E-13,1.79222234E-03,1.82734838E-03,9.80552388E-01
0.480000,6.43791567E-10,1.91515776E-09,9.13605677E-03,1.48915459E-09,-4.44929700E-10,-1.10592935E-12,1.80280396E-03,1.83813797E-03,9.80552388E-01
0.490000,9.59941071E-11,4.25513328E-10,9.17759619E-03,7.19455559E-10,-2.14373696E-10,-1.10604173E-12,1.81291153E-03,1.84844419E-03,9.80552388E-01
0.500000,-1.09057831E-10,-1.66154013E-10,9.21719900E-03,4.23254519E-10,-1.26565753E-10,-1.10313152E-12,1.82256598E-03,1.85828840E-03,9.80552388E-01
0.510000,-2.04970446E-10,-4.51002590E-10,9.25501027E-03,2.36508618E-10,-7.13983940E-11,-1.10005696E-12,1.83178751E-03,1.86769119E-03,9.80552388E-01
0.520000,-2.59549381E-10,-6.09906204E-10,9.29111677E-03,1.00606472E-10,-3.13329838E-11,-1.09688921E-12,1.84059538E-03,1.87667218E-03,9.80552388E-01
0.530000,-2.93897593E-10,-7.06610886E-10,9.32559453E-03,-2.17732330E-12,-1.09114646E-12,-1.09363321E-12,1.84900799E-03,1.88525015E-03,9.80552388E-01
0.540000,-3.16143087E-10,-7.67564172E-10,9.35851644E-03,-8.08645928E-11,2.20051175E-11,-1.09029717E-12,1.85704292E-03,1.89344303E-03,9.80552388E-01
0.550000,-3.30242354E-10,-8.05589217E-10,9.38995261E-03,-1.41311973E-10,3.96918541E-11,-1.08689079E-12,1.86471700E-03,1.90126797E-03,9.80552388E-01
0.560000,-3.38361207E-10,-8.31974180E-10,9.41977362E-03,-1.80961360E-10,5.73581392E-11,-1.03284180E-12,1.87203098E-03,1.90872574E-03,9.80552388E-01
0.570000,-3.40214958E-10,-8.40812539E-10,9.44835901E-03,-2.17138799E-10,6.74925872E-11,-1.02384931E-12,1.87901694E-03,1.91584904E-03,9.80552388E-01
0.580000,-3.40300528E-10,-8.42366789E-10,9.47567283E-03,-2.44621400E-10,7.47878900E-11,-1.01885418E-12,1.88568941E-03,1.92265269E-03,9.80552388E-01
0.590000,-3.38425470E-10,-8.38186380E-10,9.50175966E-03,-2.65105637E-10,8.01177614E-11,-1.01470812E-12,1.89206232E-03,1.92915090E-03,9.80552388E-01
0.600000,-3.34831085E-10,-8.29527695E-10,9.52667346E-03,-2.80049535E-10,8.39095713E-11,-1.01084668E-12,1.89814897E-03,1.93535723E-03,9.80552388E-01
0.610000,-3.29883000E-10,-8.17466836E-10,9.55046704E-03,-2.90583969E-10,8.64723145E-11,-1.00710705E-12,1.90396211E-03,1.94128467E-03,9.80552388E-01
0.620000,-3.23906073E-10,-8.02853156E-10,9.57319084E-03,-2.97593779E-10,8.80489187E-11,-1.00342781E-12,1.90951390E-03,1.94694563E-03,9.80552388E-01
0.630000,-3.17159676E-10,-7.86342095E-10,9.59489297E-03,-3.01776959E-10,8.88335280E-11,-9.99782212E-13,1.91481596E-03,1.95235195E-03,9.80552388E-01
0.640000,-3.09846650E-10,-7.68440029E-10,9.61561934E-03,-3.03687919E-10,8.89820933E-11,-9.96157763E-13,1.91987942E-03,1.95751499E-03,9.80552388E-01
0.650000,-3.02125871E-10,-7.49541024E-10,9.63541383E-03,-3.03769900E-10,8.86203508E-11,-9.92548617E-13,1.92471490E-03,1.96244556E-03,9.80552388E-01
0.660000,-2.94122421E-10,-7.29954070E-10,9.65431832E-03,-3.02379480E-10,8.78500685E-11,-9.88952245E-13,1.92933254E-03,1.96715402E-03,9.80552388E-01
0.670000,-2.85935459E-10,-7.09923199E-10,9.67237285E-03,-2.99805180E-10,8.67539290E-11,-9.85367837E-13,1.93374205E-03,1.97165026E-03,9.80552388E-01
0.680000,-2.77643907E-10,-6.89642142E-10,9.68961564E-03,-2.96281708E-10,8.53993645E-11,-9.81795530E-13,1.93795271E-03,1.97594373E-03,9.80552388E-01
0.690000,-2.69310954E-10,-6.69265432E-10,9.70608320E-03,-2.92000903E-10,8.38415564E-11,-9.78235979E-13,1.94197337E-03,1.98004348E-03,9.80552388E-01
0.700000,-2.60987289E-10,-6.48916676E-10,9.72181041E-03,-2.87120244E-10,8.21258056E-11,-9.74690010E-13,1.94581251E-03,1.98395813E-03,9.80552388E-01
0.710000,-2.52713619E-10,-6.28694923E-10,9.73683059E-03,-2.81769488E-10,8.02893980E-11,-9.71158533E-13,1.94947821E-03,1.98769594E-03,9.80552388E-01
0.720000,-2.44522661E-10,-6.08679500E-10,9.75117553E-03,-2.76055885E-10,7.83630940E-11,-9.67642498E-13,1.95297820E-03,1.99126480E-03,9.80552388E-01
0.730000,-2.36440667E-10,-5.88933834E-10,9.76487563E-03,-2.70068329E-10,7.63723076E-11,-9.64142858E-13,1.95631989E-03,1.99467223E-03,9.80552388E-01
0.740000,-2.28488583E-10,-5.69508432E-10,9.77795989E-03,-2.63880643E-10,7.43380644E-11,-9.60660416E-13,1.95951033E-03,1.99792544E-03,9.80552388E-01
0.750000,-2.20683022E-10,-5.50443176E-10,9.79045603E-03,-2.57554230E-10,7.22777596E-11,-9.57195940E-13,1.96255627E-03,2.00103131E-03,9.80552388E-01
0.760000,-7.20615769E-11,-4.83489240E-10,9.80094475E-03,-3.95633065E-10,6.36073208E-11,7.39840185E-12,1.96533180E-03,2.00386149E-03,9.80552388E-01
0.770000,-1.87838184E-11,-4.30762610E-10,9.81178716E-03,-3.91548030E-10,6.48763042E-11,8.39177985E-12,1.96798718E-03,2.00656914E-03,9.80552388E-01
0.780000,-7.64496438E-12,-4.08185184E-10,9.82222024E-03,-3.77104293E-10,6.44265095E-11,8.63706244E-12,1.97052740E-03,2.00915935E-03,9.80552388E-01
0.790000,-8.48695075E-12,-3.94487550E-10,9.83219312E-03,-3.61776917E-10,6.32394258E-11,8.72677195E-12,1.97295730E-03,2.01163708E-03,9.80552388E-01
0.800000,-1.14993865E-11,-3.82529882E-10,9.84173418E-03,-3.46827976E-10,6.17497695E-11,8.76494023E-12,1.97528158E-03,2.01400712E-03,9.80552388E-01
0.810000,-1.40456602E-11,-3.70618813E-10,9.85086948E-03,-3.32509447E-10,6.01203876E-11,8.78065705E-12,1.97750477E-03,2.01627408E-03,9.80552388E-01
0.820000,-1.56164416E-11,-3.58532267E-10,9.85961906E-03,-3.18869471E-10,5.84305923E-11,8.78483499E-12,1.97963120E-03,2.01844237E-03,9.80552388E-01
0.830000,-1.62816932E-11,-3.46371467E-10,9.86799976E-03,-3.05895601E-10,5.67255590E-11,8.78239807E-12,1.98166500E-03,2.02051622E-03,9.80552388E-01
0.840000,-1.62337180E-11,-3.34270095E-10,9.87602684E-03,-2.93553990E-10,5.50321294E-11,8.77584880E-12,1.98361015E-03,2.02249966E-03,9.80552388E-01
0.850000,-1.56585418E-11,-3.22333246E-10,9.88371469E-03,-2.81804122E-10,5.33662192E-11,8.76656677E-12,1.98547043E-03,2.02439658E-03,9.80552388E-01
0.860000,-1.47066824E-11,-3.10633203E-10,9.89107714E-03,-2.70605145E-10,5.17370813E-11,8.75535979E-12,1.98724948E-03,2.02621066E-03,9.80552388E-01
0.870000,-1.34925793E-11,-2.99216729E-10,9.89812753E-03,-2.59918541E-10,5.01499031E-11,8.74272485E-12,1.98895077E-03,2.02794547E-03,9.80552388E-01
0.880000,-1.21013016E-11,-2.88112576E-10,9.90487873E-03,-2.49709084E-10,4.86073788E-11,8.72898095E-12,1.99057765E-03,2.02960439E-03,9.80552388E-01
0.890000,-1.05956457E-11,-2.77337221E-10,9.91134314E-03,-2.39945001E-10,4.71106753E-11,8.71434113E-12,1.99213329E-03,2.03119067E-03,9.80552388E-01
0.900000,-9.02191325E-12,-2.66898933E-10,9.91753273E-03,-2.30597783E-10,4.56600141E-11,8.69895303E-12,1.99362074E-03,2.03270743E-03,9.80552388E-01
0.910000,-7.41432975E-12,-2.56800304E-10,9.92345901E-03,-2.21641855E-10,4.42550383E-11,8.68292270E-12,1.99504294E-03,2.03415765E-03,9.80552388E-01
0.920000,-5.79823760E-12,-2.47040204E-10,9.92913304E-03,-2.13054230E-10,4.28950330E-11,8.66632895E-12,1.99640266E-03,2.03554417E-03,9.80552388E-01
0.930000,-4.19243383E-12,-2.37614876E-10,9.93456546E-03,-2.04814169E-10,4.15790661E-11,8.64923250E-12,1.99770260E-03,2.03686972E-03,9.80552388E-01
0.940000,-2.61078982E-12,-2.28518778E-10,9.93976647E-03,-1.96902878E-10,4.03060786E-11,8.63168151E-12,1.99894531E-03,2.03813693E-03,9.80552388E-01
0.950000,-1.06352265E-12,-2.19745187E-10,9.94474586E-03,-1.89303252E-10,3.90749391E-11,8.61371548E-12,2.00013325E-03,2.03934828E-03,9.80552388E-01
0.960000,4.41943430E-13,-2.11286568E-10,9.94951303E-03,-1.81999636E-10,3.78844854E-11,8.59536764E-12,2.00126877E-03,2.04050618E-03,9.80552388E-01
0.970000,1.90028111E-12,-2.03134832E-10,9.95407699E-03,-1.74977644E-10,3.67335429E-11,8.57666679E-12,2.00235411E-03,2.04161293E-03,9.80552388E-01
0.980000,3.30780882E-12,-1.95281560E-10,9.95844637E-03,-1.68223995E-10,3.56209390E-11,8.55763822E-12,2.00339144E-03,2.04267070E-03,9.80552388E-01
0.990000,4.66210287E-12,-1.87718153E-10,9.96262946E-03,-1.61726369E-10,3.45455157E-11,8.53830477E-12,2.00438280E-03,2.04368162E-03,9.80552388E-01
1.000000,5.96169516E-12,-1.80435912E-10,9.96663418E-03,-1.55473304E-10,3.35061323E-11,8.51868715E-12,2.00533018E-03,2.04464768E-03,9.80552388E-01
1.010000,7.20585451E-12,-1.73426154E-10,9.97046814E-03,-1.49454086E-10,3.25016743E-11,8.49880449E-12,2.00623546E-03,2.04557082E-03,9.80552388E-01
1.020000,8.39445836E-12,-1.66680208E-10,9.97413861E-03,-1.43658675E-10,3.15310497E-11,8.47867462E-12,2.00710046E-03,2.04645288E-03,9.80552388E-01
1.030000,9.52783790E-12,-1.60189525E-10,9.97765257E-03,-1.38077636E-10,3.05931909E-11,8.45831422E-12,2.00792690E-03,2.04729563E-03,9.80552388E-01
1.040000,1.06066729E-11,-1.53945715E-10,9.98101671E-03,-1.32702068E-10,2.96870598E-11,8.43773896E-12,2.00871643E-03,2.04810075E-03,9.80552388E-01
1.050000,1.16318817E-11,-1.47940471E-10,9.98423740E-03,-1.27523567E-10,2.88116451E-11,8.41696371E-12,2.00947066E-03,2.04886987E-03,9.80552388E-01
1.060000,1.26046380E-11,-1.42165682E-10,9.98732079E-03,-1.22534172E-10,2.79659574E-11,8.39600249E-12,2.01019110E-03,2.04960452E-03,9.80552388E-01
1.070000,1.35262123E-11,-1.36613455E-10,9.99027274E-03,-1.17726331E-10,2.71490422E-11,8.37486867E-12,2.01087919E-03,2.05030621E-03,9.80552388E-01
1.080000,1.43980425E-11,-1.31276049E-10,9.99309887E-03,-1.13092870E-10,2.63599630E-11,8.35357498E-12,2.01153634E-03,2.05097634E-03,9.80552388E-01
1.090000,1.52216073E-11,-1.26145921E-10,9.99580455E-03,-1.08626959E-10,2.55978137E-11,8.33213347E-12,2.01216388E-03,2.05161627E-03,9.80552388E-01
1.100000,1.59984688E-11,-1.21215744E-10,9.99839494E-03,-1.04322088E-10,2.48617121E-11,8.31055569E-12,2.01276308E-03,2.05222731E-03,9.80552388E-01
1.110000,1.67301982E-11,-1.16478391E-10,1.00008750E-02,-1.00172048E-10,2.41508017E-11,8.28885264E-12,2.01333516E-03,2.05281070E-03,9.80552388E-01
1.120000,1.74184049E-11,-1.11926936E-10,1.00032494E-02,-9.61709100E-11,2.34642514E-11,8.26703478E-12,2.01388130E-03,2.05336763E-03,9.80552388E-01
1.130000,1.80647109E-11,-1.07554680E-10,1.00055226E-02,-9.23130022E-11,2.28012524E-11,8.24511205E-12,2.01440261E-03,2.05389924E-03,9.80552388E-01
1.140000,1.86706776E-11,-1.03355106E-10,1.00076991E-02,-8.85928981E-11,2.21610187E-11,8.22309404E-12,2.01490016E-03,2.05440664E-03,9.80552388E-01
1.150000,1.92378871E-11,-9.93218838E-11,1.00097829E-02,-8.50054046E-11,2.15427904E-11,8.20098982E-12,2.01537498E-03,2.05489085E-03,9.80552388E-01
1.160000,1.97679242E-11,-9.54489087E-11,1.00117780E-02,-8.15455454E-11,2.09458286E-11,8.17880801E-12,2.01582806E-03,2.05535289E-03,9.80552388E-01
1.170000,2.02622851E-11,-9.17302670E-11,1.00136882E-02,-7.82085470E-11,2.03694171E-11,8.15655691E-12,2.01626032E-03,2.05579371E-03,9.80552388E-01
1.180000,2.07224798E-11,-8.81602449E-11,1.00155172E-02,-7.49898356E-11,1.98128612E-11,8.13424437E-12,2.01667268E-03,2.05621423E-03,9.80552388E-01
1.190000,2.11499363E-11,-8.47332779E-11,1.00172684E-02,-7.18850181E-11,1.92754883E-11,8.11187788E-12,2.01706598E-03,2.05661532E-03,9.80552388E-01
1.200000,2.15461072E-11,-8.14440332E-11,1.00189451E-02,-6.88898784E-11,1.87566433E-11,8.08946463E-12,2.01744107E-03,2.05699783E-03,9.80552388E-01
1.210000,2.19123562E-11,-7.82873321E-11,1.00205506E-02,-6.60003698E-11,1.82556936E-11,8.06701141E-12,2.01779871E-03,2.05736257E-03,9.80552388E-01
1.220000,2.22500035E-11,-7.52581821E-11,1.00220879E-02,-6.32126000E-11,1.77720301E-11,8.04452468E-12,2.01813968E-03,2.05771030E-03,9.80552388E-01
1.230000,2.25603583E-11,-7.23517644E-11,1.00235598E-02,-6.05228318E-11,1.73050557E-11,8.02201066E-12,2.01846469E-03,2.05804175E-03,9.80552388E-01
1.240000,2.28446620E-11,-6.95634020E-11,1.00249693E-02,-5.79274753E-11,1.68542002E-11,7.99947519E-12,2.01877444E-03,2.05835764E-03,9.80552388E-01
1.250000,2.31041086E-11,-6.68886046E-11,1.00263189E-02,-5.54230739E-11,1.64189027E-11,7.97692387E-12,2.01906958E-03,2.05865864E-03,9.80552388E-01
1.260000,2.33398727E-11,-6.43230589E-11,1.00276113E-02,-5.30063068E-11,1.59986285E-11,7.95436204E-12,2.01935076E-03,2.05894540E-03,9.80552388E-01
1.270000,2.35530760E-11,-6.18625616E-11,1.00288489E-02,-5.06739814E-11,1.55928546E-11,7.93179476E-12,2.01961857E-03,2.05921854E-03,9.80552388E-01
1.280000,2.37447836E-11,-5.95030717E-11,1.00300340E-02,-4.84230254E-11,1.52010785E-11,7.90922682E-12,2.01987361E-03,2.05947864E-03,9.80552388E-01
1.290000,2.39160408E-11,-5.72407139E-11,1.00311689E-02,-4.62504795E-11,1.48228138E-11,7.88666281E-12,2.02011642E-03,2.05972627E-03,9.80552388E-01
1.300000,2.40678476E-11,-5.50717223E-11,1.00322557E-02,-4.41535028E-11,1.44575878E-11,7.86410709E-12,2.02034753E-03,2.05996199E-03,9.80552388E-01
1.310000,2.42011389E-11,-5.29924900E-11,1.00332966E-02,-4.21293574E-11,1.41049455E-11,7.84156378E-12,2.02056747E-03,2.06018629E-03,9.80552388E-01
1.320000,2.43168579E-11,-5.09995359E-11,1.00342933E-02,-4.01754083E-11,1.37644465E-11,7.81903681E-12,2.02077670E-03,2.06039970E-03,9.80552388E-01
1.330000,2.44158687E-11,-4.90895133E-11,1.00352479E-02,-3.82891190E-11,1.34356649E-11,7.79652986E-12,2.02097571E-03,2.06060267E-03,9.80552388E-01
1.340000,2.21600665E-11,-5.22953209E-11,1.00360740E-02,-3.63021484E-11,1.29040867E-11,7.68067638E-12,2.02115701E-03,2.06078759E-03,9.80552388E-01
1.350000,2.37660126E-11,-4.97261281E-11,1.00369072E-02,-3.45700090E-11,1.25131785E-11,7.61492510E-12,2.02132969E-03,2.06096371E-03,9.80552388E-01
1.360000,2.53340132E-11,-4.68281488E-11,1.00377143E-02,-3.28664262E-11,1.21614496E-11,7.56893566E-12,2.02149408E-03,2.06113139E-03,9.80552388E-01
1.370000,2.65027888E-11,-4.42296366E-11,1.00384910E-02,-3.12447986E-11,1.18493526E-11,7.53286033E-12,2.02165053E-03,2.06129097E-03,9.80552388E-01
1.380000,2.73396805E-11,-4.19545430E-11,1.00392374E-02,-2.96944371E-11,1.15633921E-11,7.50224865E-12,2.02179939E-03,2.06144280E-03,9.80552388E-01
1.390000,2.79456769E-11,-3.99407580E-11,1.00399546E-02,-2.82041652E-11,1.12944588E-11,7.47482899E-12,2.02194096E-03,2.06158720E-03,9.80552388E-01
1.400000,2.83978808E-11,-3.81268565E-11,1.00406435E-02,-2.67673840E-11,1.10378517E-11,7.44936090E-12,2.02207555E-03,2.06172449E-03,9.80552388E-01
1.410000,2.87470590E-11,-3.64667513E-11,1.00413051E-02,-2.53803122E-11,1.07913014E-11,7.42513338E-12,2.02220346E-03,2.06185497E-03,9.80552388E-01
1.420000,2.90248898E-11,-3.49285145E-11,1.00419404E-02,-2.40405355E-11,1.05536932E-11,7.40172282E-12,2.02232498E-03,2.06197892E-03,9.80552388E-01
1.430000,2.92508289E-11,-3.34904328E-11,1.00425506E-02,-2.27462452E-11,1.03244259E-11,7.37886852E-12,2.02244036E-03,2.06209663E-03,9.80552388E-01
1.440000,2.94369361E-11,-3.21375639E-11,1.00431364E-02,-2.14958947E-11,1.01031181E-11,7.35640563E-12,2.02254988E-03,2.06220835E-03,9.80552388E-01
1.450000,2.95909321E-11,-3.08592987E-11,1.00436988E-02,-2.02880334E-11,9.88948016E-12,7.33422747E-12,2.02265378E-03,2.06231434E-03,9.80552388E-01
1.460000,2.97179754E-11,-2.96478351E-11,1.00442389E-02,-1.91212545E-11,9.68324936E-12,7.31226386E-12,2.02275230E-03,2.06241484E-03,9.80552388E-01
1.470000,2.98216549E-11,-2.84971617E-11,1.00447574E-02,-1.79941750E-11,9.48418093E-12,7.29046781E-12,2.02284566E-03,2.06251009E-03,9.80552388E-01
1.480000,2.99046786E-11,-2.74025291E-11,1.00452552E-02,-1.69054286E-11,9.29202668E-12,7.26880769E-12,2.02293409E-03,2.06260031E-03,9.80552388E-01
1.490000,2.99691261E-11,-2.63599738E-11,1.00457331E-02,-1.58536763E-11,9.10654453E-12,7.24726196E-12,2.02301780E-03,2.06268571E-03,9.80552388E-01
1.500000,3.00167038E-11,-2.53661714E-11,1.00461920E-02,-1.48376051E-11,8.92749930E-12,7.22581603E-12,2.02309699E-03,2.06276650E-03,9.80552388E-01
1.510000,2.16487158E-11,-3.57367356E-11,1.00465763E-02,-1.47374504E-11,7.73975705E-12,6.88320588E-12,2.02316604E-03,2.06283696E-03,9.80552388E-01
1.520000,2.45669591E-11,-3.34924137E-11,1.00469700E-02,-1.39312313E-11,7.24708628E-12,6.73022975E-12,2.02323148E-03,2.06290373E-03,9.80552388E-01
1.530000,2.84289447E-11,-2.96874678E-11,1.00473531E-02,-1.30376192E-11,6.97923237E-12,6.64245276E-12,2.02329344E-03,2.06296696E-03,9.80552388E-01
1.540000,3.14624684E-11,-2.63430413E-11,1.00477232E-02,-1.22081786E-11,6.81748484E-12,6.58440607E-12,2.02335208E-03,2.06302680E-03,9.80552388E-01
1.550000,3.36193734E-11,-2.36828689E-11,1.00480806E-02,-1.14351173E-11,6.70152762E-12,6.54176391E-12,2.02340752E-03,2.06308337E-03,9.80552388E-01
1.560000,3.51390439E-11,-2.15756676E-11,1.00484256E-02,-1.07009388E-11,6.60349830E-12,6.50776840E-12,2.02345989E-03,2.06313682E-03,9.80552388E-01
1.570000,3.62384937E-11,-1.98625810E-11,1.00487584E-02,-9.99457490E-12,6.51140057E-12,6.47891420E-12,2.02350932E-03,2.06318726E-03,9.80552388E-01
1.580000,3.70667100E-11,-1.84227901E-11,1.00490795E-02,-9.31021185E-12,6.42050954E-12,6.45325819E-12,2.02355592E-03,2.06323482E-03,9.80552388E-01
1.590000,3.77171143E-11,-1.71748506E-11,1.00493892E-02,-8.64506483E-12,6.32930576E-12,6.42966774E-12,2.02359980E-03,2.06327962E-03,9.80552388E-01
1.600000,3.82465293E-11,-1.60659807E-11,1.00496878E-02,-7.99789619E-12,6.23760922E-12,6.40745553E-12,2.02364109E-03,2.06332176E-03,9.80552388E-01
1.610000,3.86894212E-11,-1.50620750E-11,1.00499757E-02,-7.36819723E-12,6.14574466E-12,6.38619031E-12,2.02367987E-03,2.06336135E-03,9.80552388E-01
1.620000,3.90670746E-11,-1.41407280E-11,1.00502532E-02,-6.75575810E-12,6.05417719E-12,6.36559367E-12,2.02371626E-03,2.06339850E-03,9.80552388E-01
1.630000,-1.18773085E-14,-5.04471368E-11,1.00504957E-02,-1.22061036E-11,9.60668371E-13,4.78804636E-12,2.02374531E-03,2.06342816E-03,9.80552388E-01
1.640000,4.30002193E-12,-4.71497969E-11,1.00507361E-02,-1.24723971E-11,-4.56697072E-13,4.25157350E-12,2.02377260E-03,2.06345603E-03,9.80552388E-01
1.650000,1.54952304E-11,-3.76698962E-11,1.00509660E-02,-1.20285556E-11,-8.22026314E-13,4.00251428E-12,2.02379820E-03,2.06348218E-03,9.80552388E-01
1.660000,2.54753245E-11,-2.90170521E-11,1.00511876E-02,-1.16065625E-11,-8.00452290E-13,3.86420637E-12,2.02382219E-03,2.06350668E-03,9.80552388E-01
1.670000,3.30746390E-11,-2.22603531E-11,1.00514024E-02,-1.12624025E-11,-6.44191467E-13,3.77785824E-12,2.02384462E-03,2.06352961E-03,9.80552388E-01
1.680000,3.86819676E-11,-1.71426431E-11,1.00516112E-02,-1.09705401E-11,-4.54709548E-13,3.71921704E-12,2.02386557E-03,2.06355101E-03,9.80552388E-01
1.690000,4.28710115E-11,-1.32217921E-11,1.00518141E-02,-1.07061029E-11,-2.72584303E-13,3.67665514E-12,2.02388508E-03,2.06357094E-03,9.80552388E-01
1.700000,4.60964182E-11,-1.01327463E-11,1.00520113E-02,-1.04534561E-11,-1.12517847E-13,3.64398495E-12,2.02390321E-03,2.06358947E-03,9.80552388E-01
1.710000,4.86689234E-11,-7.61814591E-12,1.00522028E-02,-1.02041583E-11,2.19204932E-14,3.61766726E-12,2.02392000E-03,2.06360664E-03,9.80552388E-01
1.720000,5.07901905E-11,-5.50610124E-12,1.00523887E-02,-9.95426576E-12,1.31794314E-13,3.59556948E-12,2.02393551E-03,2.06362249E-03,9.80552388E-01
1.730000,5.25892653E-11,-3.68354808E-12,1.00525691E-02,-9.70240936E-12,2.19875005E-13,3.57635400E-12,2.02394978E-03,2.06363708E-03,9.80552388E-01
1.740000,5.41493294E-11,-2.07574153E-12,1.00527441E-02,-9.44859279E-12,2.89342990E-13,3.55915404E-12,2.02396285E-03,2.06365045E-03,9.80552388E-01
1.750000,5.55250375E-11,-6.32557770E-13,1.00529138E-02,-9.19348483E-12,3.43236215E-13,3.54339219E-12,2.02397478E-03,2.06366265E-03,9.80552388E-01
1.760000,5.67533529E-11,6.80452783E-13,1.00530784E-02,-8.93802083E-12,3.84247697E-13,3.52867474E-12,2.02398559E-03,2.06367372E-03,9.80552388E-01
1.770000,5.78600685E-11,1.88751612E-12,1.00532379E-02,-8.68318422E-12,4.14678440E-13,3.51472774E-12,2.02399533E-03,2.06368370E-03,9.80552388E-01
1.780000,-6.57917778E-10,-3.81986422E-10,1.00538246E-02,-2.30597926E-10,-1.51399550E-10,-5.80396876E-11,2.02400155E-03,2.06369005E-03,9.80552388E-01
1.790000,-7.75972482E-10,-3.84224674E-10,1.00540473E-02,-2.18538829E-10,-1.68754693E-10,-5.91033845E-11,2.02400671E-03,2.06369536E-03,9.80552388E-01
1.800000,-7.71747453E-10,-3.45456692E-10,1.00541968E-02,-2.17496305E-10,-1.70326813E-10,-5.99194043E-11,2.02401119E-03,2.06369996E-03,9.80552388E-01
1.810000,-7.38967204E-10,-3.04182182E-10,1.00543246E-02,-2.18128271E-10,-1.67963403E-10,-6.02754432E-11,2.02401504E-03,2.06370393E-03,9.80552388E-01
1.820000,-7.02278727E-10,-2.67628718E-10,1.00544450E-02,-2.19330824E-10,-1.64483508E-10,-6.04226822E-11,2.02401833E-03,2.06370732E-03,9.80552388E-01
1.830000,-6.68021490E-10,-2.36520369E-10,1.00545620E-02,-2.20820834E-10,-1.60701803E-10,-6.04575728E-11,2.02402106E-03,2.06371015E-03,9.80552388E-01
1.840000,-6.37372753E-10,-2.10082420E-10,1.00546772E-02,-2.22478352E-10,-1.56924345E-10,-6.04256605E-11,2.02402327E-03,2.06371244E-03,9.80552388E-01
1.850000,-6.10095017E-10,-1.87340615E-10,1.00547908E-02,-2.24231912E-10,-1.53280827E-10,-6.03512657E-11,2.02402498E-03,2.06371422E-03,9.80552388E-01
1.860000,-5.85650537E-10,-1.67455286E-10,1.00549031E-02,-2.26033798E-10,-1.49826000E-10,-6.02486266E-11,2.02402620E-03,2.06371551E-03,9.80552388E-01
1.870000,-5.63522774E-10,-1.49775751E-10,1.00550138E-02,-2.27851257E-10,-1.46578774E-10,-6.01266371E-11,2.02402694E-03,2.06371630E-03,9.80552388E-01
1.880000,-5.43290740E-10,-1.33817220E-10,1.00551230E-02,-2.29661790E-10,-1.43540018E-10,-5.99911100E-11,2.02402723E-03,2.06371663E-03,9.80552388E-01
1.890000,-5.24629115E-10,-1.19223045E-10,1.00552304E-02,-2.31450093E-10,-1.40701557E-10,-5.98459707E-11,2.02402707E-03,2.06371651E-03,9.80552388E-01
1.900000,-5.07289939E-10,-1.05730720E-10,1.00553360E-02,-2.33205954E-10,-1.38050951E-10,-5.96939365E-11,2.02402647E-03,2.06371594E-03,9.80552388E-01
1.910000,-4.91083359E-10,-9.31455246E-11,1.00554397E-02,-2.34922759E-10,-1.35574109E-10,-5.95369277E-11,2.02402545E-03,2.06371494E-03,9.80552388E-01
1.920000,-4.75861985E-10,-8.13212828E-11,1.00555414E-02,-2.36596430E-10,-1.33256704E-10,-5.93763246E-11,2.02402403E-03,2.06371352E-03,9.80552388E-01
1.930000,-4.61509214E-10,-7.01466408E-11,1.00556412E-02,-2.38224675E-10,-1.31084927E-10,-5.92131353E-11,2.02402220E-03,2.06371170E-03,9.80552388E-01
1.940000,-4.47930948E-10,-5.95354573E-11,1.00557390E-02,-2.39806441E-10,-1.29045848E-10,-5.90481060E-11,2.02401999E-03,2.06370948E-03,9.80552388E-01
1.950000,-4.35049805E-10,-4.94199671E-11,1.00558347E-02,-2.41341538E-10,-1.27127572E-10,-5.88817962E-11,2.02401740E-03,2.06370688E-03,9.80552388E-01
1.960000,-4.22800935E-10,-3.97460209E-11,1.00559284E-02,-2.42830360E-10,-1.25319272E-10,-5.87146300E-11,2.02401444E-03,2.06370390E-03,9.80552388E-01
1.970000,-4.11129187E-10,-3.04696881E-11,1.00560201E-02,-2.44273693E-10,-1.23611156E-10,-5.85469321E-11,2.02401113E-03,2.06370056E-03,9.80552388E-01
1.980000,-3.99986995E-10,-2.15547881E-11,1.00561098E-02,-2.45672577E-10,-1.21994397E-10,-5.83789536E-11,2.02400746E-03,2.06369686E-03,9.80552388E-01
1.990000,-3.89332923E-10,-1.29711038E-11,1.00561975E-02,-2.47028211E-10,-1.20461061E-10,-5.82108892E-11,2.02400346E-03,2.06369282E-03,9.80552388E-01
2.000000,-3.79130507E-10,-4.69310469E-12,1.00562832E-02,-2.48341879E-10,-1.19004016E-10,-5.80428919E-11,2.02399913E-03,2.06368844E-03,9.80552388E-01
2.010000,-3.69347447E-10,3.30105895E-12,1.00563670E-02,-2.49614910E-10,-1.17616854E-10,-5.78750818E-11,2.02399449E-03,2.06368374E-03,9.80552388E-01
2.020000,-3.59954938E-10,1.10302922E-11,1.00564488E-02,-2.50848641E-10,-1.16293816E-10,-5.77075536E-11,2.02398953E-03,2.06367872E-03,9.80552388E-01
2.030000,-3.50927118E-10,1.85110807E-11,1.00565287E-02,-2.52044393E-10,-1.15029719E-10,-5.75403823E-11,2.02398426E-03,2.06367339E-03,9.80552388E-01
2.040000,-3.42240738E-10,2.57579776E-11,1.00566068E-02,-2.53203462E-10,-1.13819896E-10,-5.73736275E-11,2.02397871E-03,2.06366776E-03,9.80552388E-01
2.050000,-3.33874734E-10,3.27838923E-11,1.00566830E-02,-2.54327098E-10,-1.12660137E-10,-5.72073361E-11,2.02397287E-03,2.06366184E-03,9.80552388E-01
2.060000,-3.25810004E-10,3.96003899E-11,1.00567574E-02,-2.55416518E-10,-1.11546637E-10,-5.70415456E-11,2.02396674E-03,2.06365563E-03,9.80552388E-01
2.070000,-3.18029156E-10,4.62178846E-11,1.00568300E-02,-2.56472882E-10,-1.10475959E-10,-5.68762852E-11,2.02396035E-03,2.06364915E-03,9.80552388E-01
2.080000,-3.10516285E-10,5.26458391E-11,1.00569008E-02,-2.57497307E-10,-1.09444986E-10,-5.67115781E-11,2.02395370E-03,2.06364240E-03,9.80552388E-01
2.090000,-3.03256847E-10,5.88928793E-11,1.00569699E-02,-2.58490858E-10,-1.08450892E-10,-5.65474424E-11,2.02394679E-03,2.06363539E-03,9.80552388E-01
2.100000,-2.96237454E-10,6.49668934E-11,1.00570373E-02,-2.59454553E-10,-1.07491109E-10,-5.63838918E-11,2.02393963E-03,2.06362812E-03,9.80552388E-01
2.110000,-2.89445799E-10,7.08751790E-11,1.00571030E-02,-2.60389365E-10,-1.06563295E-10,-5.62209372E-11,2.02393223E-03,2.06362061E-03,9.80552388E-01
2.120000,-2.82870543E-10,7.66244815E-11,1.00571671E-02,-2.61296218E-10,-1.05665323E-10,-5.60585865E-11,2.02392459E-03,2.06361286E-03,9.80552388E-01
2.130000,-2.76501153E-10,8.22210479E-11,1.00572296E-02,-2.62175999E-10,-1.04795247E-10,-5.58968455E-11,2.02391673E-03,2.06360488E-03,9.80552388E-01
2.140000,-2.70327888E-10,8.76707392E-11,1.00572905E-02,-2.63029548E-10,-1.03951284E-10,-5.57357183E-11,2.02390865E-03,2.06359667E-03,9.80552388E-01
2.150000,-2.64341716E-10,9.29789963E-11,1.00573498E-02,-2.63857672E-10,-1.03131809E-10,-5.55752075E-11,2.02390035E-03,2.06358824E-03,9.80552388E-01
2.160000,-2.58534196E-10,9.81509623E-11,1.00574076E-02,-2.64661134E-10,-1.02335327E-10,-5.54153149E-11,2.02389184E-03,2.06357960E-03,9.80552388E-01
2.170000,-2.52897479E-10,1.03191450E-10,1.00574640E-02,-2.65440670E-10,-1.01560465E-10,-5.52560409E-11,2.02388313E-03,2.06357075E-03,9.80552388E-01
2.180000,-2.47424226E-10,1.08105013E-10,1.00575188E-02,-2.66196977E-10,-1.00805963E-10,-5.50973855E-11,2.02387422E-03,2.06356170E-03,9.80552388E-01
2.190000,-2.42107578E-10,1.12895961E-10,1.00575723E-02,-2.66930726E-10,-1.00070657E-10,-5.49393480E-11,2.02386512E-03,2.06355246E-03,9.80552388E-01
2.200000,-2.36941071E-10,1.17568360E-10,1.00576243E-02,-2.67642554E-10,-9.93534786E-11,-5.47819273E-11,2.02385583E-03,2.06354302E-03,9.80552388E-01
2.210000,-2.31918684E-10,1.22126071E-10,1.00576749E-02,-2.68333076E-10,-9.86534361E-11,-5.46251218E-11,2.02384637E-03,2.06353340E-03,9.80552388E-01
2.220000,-2.27034720E-10,1.26572786E-10,1.00577242E-02,-2.69002875E-10,-9.79696152E-11,-5.44689297E-11,2.02383673E-03,2.06352361E-03,9.80552388E-01
2.230000,-2.22283800E-10,1.30912003E-10,1.00577721E-02,-2.69652512E-10,-9.73011696E-11,-5.43133489E-11,2.02382691E-03,2.06351364E-03,9.80552388E-01
2.240000,-2.17660899E-10,1.35147064E-10,1.00578188E-02,-2.70282528E-10,-9.66473156E-11,-5.41583773E-11,2.02381694E-03,2.06350350E-03,9.80552388E-01
2.250000,-2.13161230E-10,1.39281166E-10,1.00578641E-02,-2.70893435E-10,-9.60073231E-11,-5.40040124E-11,2.02380680E-03,2.06349320E-03,9.80552388E-01
2.260000,-2.08780272E-10,1.43317369E-10,1.00579082E-02,-2.71485732E-10,-9.53805165E-11,-5.38502518E-11,2.02379651E-03,2.06348274E-03,9.80552388E-01
2.270000,-2.04513756E-10,1.47258584E-10,1.00579511E-02,-2.72059894E-10,-9.47662658E-11,-5.36970928E-11,2.02378608E-03,2.06347213E-03,9.80552388E-01
2.280000,-2.00357607E-10,1.51107622E-10,1.00579928E-02,-2.72616379E-10,-9.41639849E-11,-5.35445330E-11,2.02377549E-03,2.06346137E-03,9.80552388E-01
2.290000,-1.96307991E-10,1.54867180E-10,1.00580333E-02,-2.73155627E-10,-9.35731277E-11,-5.33925696E-11,2.02376476E-03,2.06345046E-03,9.80552388E-01
2.300000,-1.92361250E-10,1.58539841E-10,1.00580726E-02,-2.73678061E-10,-9.29931836E-11,-5.32411999E-11,2.02375390E-03,2.06343942E-03,9.80552388E-01
2.310000,-1.88513880E-10,1.62128085E-10,1.00581108E-02,-2.74184089E-10,-9.24236787E-11,-5.30904212E-11,2.02374291E-03,2.06342824E-03,9.80552388E-01
2.320000,-1.84762571E-10,1.65634311E-10,1.00581479E-02,-2.74674105E-10,-9.18641647E-11,-5.29402309E-11,2.02373179E-03,2.06341693E-03,9.80552388E-01
2.330000,-1.81104158E-10,1.69060816E-10,1.00581839E-02,-2.75148488E-10,-9.13142256E-11,-5.27906261E-11,2.02372054E-03,2.06340550E-03,9.80552388E-01
2.340000,-1.77535610E-10,1.72409829E-10,1.00582188E-02,-2.75607603E-10,-9.07734710E-11,-5.26416042E-11,2.02370917E-03,2.06339394E-03,9.80552388E-01
2.350000,-1.74054049E-10,1.75683488E-10,1.00582526E-02,-2.76051803E-10,-9.02415346E-11,-5.24931625E-11,2.02369769E-03,2.06338226E-03,9.80552388E-01
2.360000,-1.70656721E-10,1.78883839E-10,1.00582855E-02,-2.76481430E-10,-8.97180710E-11,-5.23452982E-11,2.02368610E-03,2.06337047E-03,9.80552388E-01
2.370000,-1.67340973E-10,1.82012902E-10,1.00583173E-02,-2.76896810E-10,-8.92027584E-11,-5.21980088E-11,2.02367439E-03,2.06335857E-03,9.80552388E-01
2.380000,-1.64104270E-10,1.85072590E-10,1.00583482E-02,-2.77298265E-10,-8.86952916E-11,-5.20512914E-11,2.02366259E-03,2.06334656E-03,9.80552388E-01
2.390000,-1.60944197E-10,1.88064774E-10,1.00583780E-02,-2.77686101E-10,-8.81953837E-11,-5.19051435E-11,2.02365068E-03,2.06333445E-03,9.80552388E-01
2.400000,-1.57858427E-10,1.90991236E-10,1.00584070E-02,-2.78060617E-10,-8.77027666E-11,-5.17595624E-11,2.02363867E-03,2.06332224E-03,9.80552388E-01
2.410000,-1.54844715E-10,1.93853737E-10,1.00584350E-02,-2.78422100E-10,-8.72171867E-11,-5.16145454E-11,2.02362657E-03,2.06330993E-03,9.80552388E-01
2.420000,-1.51900916E-10,1.96653950E-10,1.00584620E-02,-2.78770831E-10,-8.67384010E-11,-5.14700901E-11,2.02361437E-03,2.06329753E-03,9.80552388E-01
2.430000,-1.49024983E-10,1.99393509E-10,1.00584882E-02,-2.79107081E-10,-8.62661844E-11,-5.13261937E-11,2.02360209E-03,2.06328504E-03,9.80552388E-01
2.440000,-1.46214904E-10,2.02073996E-10,1.00585135E-02,-2.79431112E-10,-8.58003212E-11,-5.11828537E-11,2.02358973E-03,2.06327246E-03,9.80552388E-01
2.450000,-1.43468799E-10,2.04696954E-10,1.00585380E-02,-2.79743178E-10,-8.53406098E-11,-5.10400675E-11,2.02357728E-03,2.06325980E-03,9.80552388E-01
2.460000,-1.40784804E-10,2.07263846E-10,1.00585616E-02,-2.80043528E-10,-8.48868588E-11,-5.08978326E-11,2.02356475E-03,2.06324706E-03,9.80552388E-01
2.470000,-1.38161159E-10,2.09776121E-10,1.00585844E-02,-2.80332399E-10,-8.44388842E-11,-5.07561465E-11,2.02355215E-03,2.06323424E-03,9.80552388E-01
2.480000,-1.35596155E-10,2.12235175E-10,1.00586064E-02,-2.80610027E-10,-8.39965139E-11,-5.06150066E-11,2.02353948E-03,2.06322135E-03,9.80552388E-01
2.490000,-1.33088134E-10,2.14642353E-10,1.00586275E-02,-2.80876637E-10,-8.35595848E-11,-5.04744105E-11,2.02352673E-03,2.06320838E-03,9.80552388E-01
2.500000,-1.30635512E-10,2.16998990E-10,1.00586479E-02,-2.81132449E-10,-8.31279398E-11,-5.03343555E-11,2.02351392E-03,2.06319534E-03,9.80552388E-01
2.510000,-1.28236750E-10,2.19306353E-10,1.00586676E-02,-2.81377678E-10,-8.27014328E-11,-5.01948394E-11,2.02350104E-03,2.06318224E-03,9.80552388E-01
2.520000,-1.25890369E-10,2.21565670E-10,1.00586864E-02,-2.81612531E-10,-8.22799213E-11,-5.00558596E-11,2.02348810E-03,2.06316908E-03,9.80552388E-01
2.530000,-1.23594935E-10,2.23778143E-10,1.00587046E-02,-2.81837210E-10,-8.18632731E-11,-4.99174136E-11,2.02347509E-03,2.06315585E-03,9.80552388E-01
2.540000,-1.21349064E-10,2.25944949E-10,1.00587220E-02,-2.82051914E-10,-8.14513588E-11,-4.97794991E-11,2.02346204E-03,2.06314256E-03,9.80552388E-01
2.550000,-1.19151403E-10,2.28067221E-10,1.00587388E-02,-2.82256835E-10,-8.10440579E-11,-4.96421136E-11,2.02344892E-03,2.06312922E-03,9.80552388E-01
2.560000,-1.17000676E-10,2.30146065E-10,1.00587548E-02,-2.82452158E-10,-8.06412537E-11,-4.95052546E-11,2.02343575E-03,2.06311583E-03,9.80552388E-01
2.570000,-1.14895610E-10,2.32182546E-10,1.00587702E-02,-2.82638066E-10,-8.02428360E-11,-4.93689199E-11,2.02342254E-03,2.06310238E-03,9.80552388E-01
2.580000,-1.12835001E-10,2.34177709E-10,1.00587848E-02,-2.82814737E-10,-7.98486983E-11,-4.92331070E-11,2.02340927E-03,2.06308888E-03,9.80552388E-01
2.590000,-1.10817668E-10,2.36132559E-10,1.00587989E-02,-2.82982344E-10,-7.94587392E-11,-4.90978136E-11,2.02339596E-03,2.06307534E-03,9.80552388E-01
2.600000,-1.08842468E-10,2.38048091E-10,1.00588123E-02,-2.83141055E-10,-7.90728640E-11,-4.89630372E-11,2.02338260E-03,2.06306175E-03,9.80552388E-01
2.610000,-1.06908310E-10,2.39925266E-10,1.00588251E-02,-2.83291038E-10,-7.86909775E-11,-4.88287755E-11,2.02336920E-03,2.06304811E-03,9.80552388E-01
2.620000,-1.05014109E-10,2.41764997E-10,1.00588372E-02,-2.83432451E-10,-7.83129922E-11,-4.86950263E-11,2.02335576E-03,2.06303444E-03,9.80552388E-01
2.630000,-1.03158829E-10,2.43568201E-10,1.00588488E-02,-2.83565450E-10,-7.79388230E-11,-4.85617871E-11,2.02334229E-03,2.06302073E-03,9.80552388E-01
2.640000,-1.01341482E-10,2.45335765E-10,1.00588597E-02,-2.83690192E-10,-7.75683893E-11,-4.84290557E-11,2.02332877E-03,2.06300698E-03,9.80552388E-01
2.650000,-9.95610646E-11,2.47068544E-10,1.00588701E-02,-2.83806823E-10,-7.72016109E-11,-4.82968298E-11,2.02331523E-03,2.06299319E-03,9.80552388E-01
2.660000,-9.78166480E-11,2.48767374E-10,1.00588799E-02,-2.83915491E-10,-7.68384132E-11,-4.81651070E-11,2.02330164E-03,2.06297937E-03,9.80552388E-01
2.670000,-9.61073078E-11,2.50433051E-10,1.00588892E-02,-2.84016340E-10,-7.64787247E-11,-4.80338851E-11,2.02328803E-03,2.06296552E-03,9.80552388E-01
2.680000,-9.44321573E-11,2.52066392E-10,1.00588979E-02,-2.84109509E-10,-7.61224754E-11,-4.79031618E-11,2.02327439E-03,2.06295164E-03,9.80552388E-01
2.690000,-9.27903207E-11,2.53668161E-10,1.00589061E-02,-2.84195133E-10,-7.57696003E-11,-4.77729348E-11,2.02326072E-03,2.06293773E-03,9.80552388E-01
2.700000,-9.11809619E-11,2.55239094E-10,1.00589137E-02,-2.84273349E-10,-7.54200331E-11,-4.76432019E-11,2.02324703E-03,2.06292380E-03,9.80552388E-01
2.710000,-8.96032753E-11,2.56779931E-10,1.00589209E-02,-2.84344285E-10,-7.50737119E-11,-4.75139609E-11,2.02323331E-03,2.06290984E-03,9.80552388E-01
2.720000,-8.80564445E-11,2.58291376E-10,1.00589275E-02,-2.84408070E-10,-7.47305779E-11,-4.73852095E-11,2.02321957E-03,2.06289585E-03,9.80552388E-01
2.730000,-8.65397112E-11,2.59774130E-10,1.00589336E-02,-2.84464830E-10,-7.43905744E-11,-4.72569455E-11,2.02320580E-03,2.06288185E-03,9.80552388E-01
2.740000,-8.50523343E-11,2.61228867E-10,1.00589393E-02,-2.84514685E-10,-7.40536432E-11,-4.71291667E-11,2.02319202E-03,2.06286782E-03,9.80552388E-01
2.750000,-8.35935611E-11,2.62656240E-10,1.00589444E-02,-2.84557757E-10,-7.37197330E-11,-4.70018709E-11,2.02317822E-03,2.06285378E-03,9.80552388E-01
2.760000,-8.21627101E-11,2.64056884E-10,1.00589491E-02,-2.84594164E-10,-7.33887912E-11,-4.68750559E-11,2.02316440E-03,2.06283972E-03,9.80552388E-01
2.770000,-8.07590652E-11,2.65431428E-10,1.00589534E-02,-2.84624020E-10,-7.30607681E-11,-4.67487195E-11,2.02315057E-03,2.06282564E-03,9.80552388E-01
2.780000,-7.93819844E-11,2.66780490E-10,1.00589572E-02,-2.84647439E-10,-7.27356153E-11,-4.66228596E-11,2.02313672E-03,2.06281154E-03,9.80552388E-01
2.790000,-7.80308127E-11,2.68104642E-10,1.00589605E-02,-2.84664530E-10,-7.24132849E-11,-4.64974740E-11,2.02312286E-03,2.06279744E-03,9.80552388E-01
2.800000,-7.67048982E-11,2.69404484E-10,1.00589634E-02,-2.84675403E-10,-7.20937326E-11,-4.63725605E-11,2.02310898E-03,2.06278332E-03,9.80552388E-01
2.810000,-7.54036414E-11,2.70680547E-10,1.00589659E-02,-2.84680163E-10,-7.17769157E-11,-4.62481171E-11,2.02309510E-03,2.06276919E-03,9.80552388E-01
2.820000,-7.41264410E-11,2.71933403E-10,1.00589680E-02,-2.84678915E-10,-7.14627896E-11,-4.61241415E-11,2.02308121E-03,2.06275505E-03,9.80552388E-01
2.830000,-7.28727071E-11,2.73163584E-10,1.00589696E-02,-2.84671760E-10,-7.11513143E-11,-4.60006317E-11,2.02306730E-03,2.06274090E-03,9.80552388E-01
2.840000,-7.16418760E-11,2.74371600E-10,1.00589709E-02,-2.84658801E-10,-7.08424482E-11,-4.58775856E-11,2.02305339E-03,2.06272675E-03,9.80552388E-01
2.850000,-7.04333892E-11,2.75557964E-10,1.00589717E-02,-2.84640133E-10,-7.05361541E-11,-4.57550010E-11,2.02303948E-03,2.06271259E-03,9.80552388E-01
2.860000,-6.92467233E-11,2.76723170E-10,1.00589722E-02,-2.84615853E-10,-7.02323942E-11,-4.56328760E-11,2.02302556E-03,2.06269842E-03,9.80552388E-01
2.870000,-6.80813487E-11,2.77867697E-10,1.00589723E-02,-2.84586056E-10,-6.99311315E-11,-4.55112083E-11,2.02301163E-03,2.06268425E-03,9.80552388E-01
2.880000,-6.69367539E-11,2.78992019E-10,1.00589720E-02,-2.84550836E-10,-6.96323299E-11,-4.53899959E-11,2.02299771E-03,2.06267007E-03,9.80552388E-01
2.890000,-6.58124408E-11,2.80096584E-10,1.00589714E-02,-2.84510284E-10,-6.93359548E-11,-4.52692369E-11,2.02298378E-03,2.06265590E-03,9.80552388E-01
2.900000,-6.47079334E-11,2.81181854E-10,1.00589704E-02,-2.84464488E-10,-6.90419738E-11,-4.51489290E-11,2.02296985E-03,2.06264172E-03,9.80552388E-01
2.910000,-6.36227564E-11,2.82248258E-10,1.00589690E-02,-2.84413536E-10,-6.87503531E-11,-4.50290704E-11,2.02295591E-03,2.06262754E-03,9.80552388E-01
2.920000,-6.25564514E-11,2.83296214E-10,1.00589673E-02,-2.84357517E-10,-6.84610612E-11,-4.49096589E-11,2.02294198E-03,2.06261336E-03,9.80552388E-01
2.930000,-6.15085774E-11,2.84326138E-10,1.00589653E-02,-2.84296512E-10,-6.81740663E-11,-4.47906925E-11,2.02292806E-03,2.06259919E-03,9.80552388E-01
2.940000,-6.04786906E-11,2.85338440E-10,1.00589629E-02,-2.84230606E-10,-6.78893382E-11,-4.46721693E-11,2.02291413E-03,2.06258501E-03,9.80552388E-01
2.950000,-5.94663715E-11,2.86333510E-10,1.00589602E-02,-2.84159881E-10,-6.76068474E-11,-4.45540872E-11,2.02290021E-03,2.06257084E-03,9.80552388E-01
2.960000,-5.84712197E-11,2.87311732E-10,1.00589572E-02,-2.84084418E-10,-6.73265660E-11,-4.44364443E-11,2.02288629E-03,2.06255668E-03,9.80552388E-01
2.970000,-5.74928179E-11,2.88273482E-10,1.00589538E-02,-2.84004293E-10,-6.70484652E-11,-4.43192385E-11,2.02287237E-03,2.06254252E-03,9.80552388E-01
2.980000,-5.65307787E-11,2.89219117E-10,1.00589502E-02,-2.83919587E-10,-6.67725172E-11,-4.42024679E-11,2.02285847E-03,2.06252836E-03,9.80552388E-01
2.990000,-5.55847244E-11,2.90149008E-10,1.00589462E-02,-2.83830375E-10,-6.64986951E-11,-4.40861306E-11,2.02284456E-03,2.06251421E-03,9.80552388E-01
3.000000,-5.46542850E-11,2.91063486E-10,1.00589420E-02,-2.83736733E-10,-6.62269744E-11,-4.39702245E-11,2.02283067E-03,2.06250007E-03,9.80552388E-01
3.010000,-5.37390888E-11,2.91962893E-10,1.00589374E-02,-2.83638731E-10,-6.59573275E-11,-4.38547478E-11,2.02281678E-03,2.06248594E-03,9.80552388E-01
3.020000,-5.28387892E-11,2.92847554E-10,1.00589326E-02,-2.83536446E-10,-6.56897288E-11,-4.37396985E-11,2.02280291E-03,2.06247181E-03,9.80552388E-01
3.030000,-5.19530411E-11,2.93717817E-10,1.00589275E-02,-2.83429946E-10,-6.54241559E-11,-4.36250747E-11,2.02278904E-03,2.06245770E-03,9.80552388E-01
3.040000,-5.10815120E-11,2.94573971E-10,1.00589221E-02,-2.83319303E-10,-6.51605841E-11,-4.35108745E-11,2.02277518E-03,2.06244359E-03,9.80552388E-01
3.050000,-5.02238686E-11,2.95416337E-10,1.00589164E-02,-2.83204585E-10,-6.48989902E-11,-4.33970959E-11,2.02276133E-03,2.06242950E-03,9.80552388E-01
3.060000,-4.93797934E-11,2.96245200E-10,1.00589105E-02,-2.83085861E-10,-6.46393497E-11,-4.32837372E-11,2.02274749E-03,2.06241541E-03,9.80552388E-01
3.070000,-4.85489912E-11,2.97060856E-10,1.00589043E-02,-2.82963195E-10,-6.43816416E-11,-4.31707963E-11,2.02273366E-03,2.06240134E-03,9.80552388E-01
3.080000,-4.77311275E-11,2.97863601E-10,1.00588979E-02,-2.82836656E-10,-6.41258430E-11,-4.30582715E-11,2.02271985E-03,2.06238728E-03,9.80552388E-01
3.090000,-4.69259429E-11,2.98653704E-10,1.00588912E-02,-2.82706306E-10,-6.38719337E-11,-4.29461609E-11,2.02270605E-03,2.06237323E-03,9.80552388E-01
3.100000,-4.61331212E-11,2.99431433E-10,1.00588842E-02,-2.82572209E-10,-6.36198911E-11,-4.28344626E-11,2.02269226E-03,2.06235920E-03,9.80552388E-01
3.110000,-4.53523902E-11,3.00197058E-10,1.00588770E-02,-2.82434428E-10,-6.33696948E-11,-4.27231747E-11,2.02267848E-03,2.06234518E-03,9.80552388E-01
3.120000,-4.45834820E-11,3.00950832E-10,1.00588696E-02,-2.82293024E-10,-6.31213257E-11,-4.26122954E-11,2.02266472E-03,2.06233117E-03,9.80552388E-01
3.130000,-4.38261246E-11,3.01693014E-10,1.00588619E-02,-2.82148058E-10,-6.28747617E-11,-4.25018230E-11,2.02265098E-03,2.06231718E-03,9.80552388E-01
3.140000,-4.30800615E-11,3.02423830E-10,1.00588540E-02,-2.81999590E-10,-6.26299839E-11,-4.23917555E-11,2.02263725E-03,2.06230321E-03,9.80552388E-01
3.150000,-4.23450356E-11,3.03143545E-10,1.00588458E-02,-2.81847677E-10,-6.23869732E-11,-4.22820912E-11,2.02262353E-03,2.06228925E-03,9.80552388E-01
3.160000,-4.16207970E-11,3.03852381E-10,1.00588375E-02,-2.81692378E-10,-6.21457114E-11,-4.21728283E-11,2.02260984E-03,2.06227530E-03,9.80552388E-01
3.170000,-4.09071077E-11,3.04550564E-10,1.00588289E-02,-2.81533748E-10,-6.19061792E-11,-4.20639649E-11,2.02259615E-03,2.06226138E-03,9.80552388E-01
3.180000,-4.02037266E-11,3.05238314E-10,1.00588201E-02,-2.81371846E-10,-6.16683578E-11,-4.19554994E-11,2.02258249E-03,2.06224747E-03,9.80552388E-01
3.190000,-3.95104337E-11,3.05915868E-10,1.00588111E-02,-2.81206724E-10,-6.14322299E-11,-4.18474299E-11,2.02256884E-03,2.06223358E-03,9.80552388E-01
3.200000,-3.88269932E-11,3.06583402E-10,1.00588019E-02,-2.81038438E-10,-6.11977780E-11,-4.17397547E-11,2.02255521E-03,2.06221971E-03,9.80552388E-01
3.210000,-3.81531945E-11,3.07241161E-10,1.00587925E-02,-2.80867042E-10,-6.09649844E-11,-4.16324719E-11,2.02254160E-03,2.06220585E-03,9.80552388E-01
3.220000,-3.74888303E-11,3.07889315E-10,1.00587829E-02,-2.80692585E-10,-6.07338326E-11,-4.15255800E-11,2.02252801E-03,2.06219202E-03,9.80552388E-01
3.230000,-3.68336803E-11,3.08528077E-10,1.00587731E-02,-2.80515123E-10,-6.05043055E-11,-4.14190770E-11,2.02251443E-03,2.06217820E-03,9.80552388E-01
3.240000,-3.61875399E-11,3.09157645E-10,1.00587630E-02,-2.80334704E-10,-6.02763862E-11,-4.13129614E-11,2.02250088E-03,2.06216440E-03,9.80552388E-01
3.250000,-3.55502119E-11,3.09778194E-10,1.00587528E-02,-2.80151380E-10,-6.00500588E-11,-4.12072314E-11,2.02248734E-03,2.06215063E-03,9.80552388E-01
3.260000,-3.49215139E-11,3.10389904E-10,1.00587424E-02,-2.79965200E-10,-5.98253076E-11,-4.11018852E-11,2.02247383E-03,2.06213687E-03,9.80552388E-01
3.270000,-3.43012555E-11,3.10992972E-10,1.00587319E-02,-2.79776213E-10,-5.96021170E-11,-4.09969212E-11,2.02246033E-03,2.06212314E-03,9.80552388E-01
3.280000,-3.36892417E-11,3.11587557E-10,1.00587211E-02,-2.79584464E-10,-5.93804693E-11,-4.08923377E-11,2.02244686E-03,2.06210942E-03,9.80552388E-01
3.290000,-3.30852939E-11,3.12173835E-10,1.00587102E-02,-2.79390005E-10,-5.91603518E-11,-4.07881330E-11,2.02243341E-03,2.06209573E-03,9.80552388E-01
3.300000,-3.24892468E-11,3.12751961E-10,1.00586991E-02,-2.79192880E-10,-5.89417487E-11,-4.06843053E-11,2.02241997E-03,2.06208205E-03,9.80552388E-01
3.310000,-3.19009211E-11,3.13322113E-10,1.00586878E-02,-2.78993135E-10,-5.87246455E-11,-4.05808532E-11,2.02240656E-03,2.06206840E-03,9.80552388E-01
3.320000,-3.13201634E-11,3.13884439E-10,1.00586763E-02,-2.78790815E-10,-5.85090271E-11,-4.04777749E-11,2.02239317E-03,2.06205478E-03,9.80552388E-01
3.330000,-3.07467901E-11,3.14439102E-10,1.00586647E-02,-2.78585965E-10,-5.82948786E-11,-4.03750686E-11,2.02237981E-03,2.06204117E-03,9.80552388E-01
3.340000,-3.01806600E-11,3.14986241E-10,1.00586529E-02,-2.78378629E-10,-5.80821864E-11,-4.02727329E-11,2.02236646E-03,2.06202758E-03,9.80552388E-01
3.350000,-2.96216025E-11,3.15526014E-10,1.00586410E-02,-2.78168850E-10,-5.78709369E-11,-4.01707661E-11,2.02235314E-03,2.06201402E-03,9.80552388E-01
3.360000,-2.90694744E-11,3.16058556E-10,1.00586289E-02,-2.77956671E-10,-5.76611156E-11,-4.00691665E-11,2.02233984E-03,2.06200049E-03,9.80552388E-01
3.370000,-2.85241319E-11,3.16584018E-10,1.00586166E-02,-2.77742132E-10,-5.74527091E-11,-3.99679326E-11,2.02232656E-03,2.06198697E-03,9.80552388E-01
3.380000,-2.79854180E-11,3.17102522E-10,1.00586042E-02,-2.77525278E-10,-5.72457039E-11,-3.98670626E-11,2.02231330E-03,2.06197348E-03,9.80552388E-01
3.390000,-2.74532105E-11,3.17614205E-10,1.00585917E-02,-2.77306146E-10,-5.70400877E-11,-3.97665551E-11,2.02230007E-03,2.06196001E-03,9.80552388E-01
3.400000,-2.69273592E-11,3.18119208E-10,1.00585790E-02,-2.77084779E-10,-5.68358461E-11,-3.96664084E-11,2.02228686E-03,2.06194657E-03,9.80552388E-01
3.410000,-2.64077240E-11,3.18617648E-10,1.00585661E-02,-2.76861216E-10,-5.66329669E-11,-3.95666210E-11,2.02227368E-03,2.06193315E-03,9.80552388E-01
3.420000,-2.58941891E-11,3.19109662E-10,1.00585531E-02,-2.76635494E-10,-5.64314375E-11,-3.94671913E-11,2.02226052E-03,2.06191975E-03,9.80552388E-01
3.430000,-2.53866211E-11,3.19595346E-10,1.00585400E-02,-2.76407654E-10,-5.62312451E-11,-3.93681176E-11,2.02224738E-03,2.06190638E-03,9.80552388E-01
3.440000,-2.48848902E-11,3.20074840E-10,1.00585267E-02,-2.76177733E-10,-5.60323766E-11,-3.92693985E-11,2.02223427E-03,2.06189303E-03,9.80552388E-01
3.450000,-2.43888785E-11,3.20548261E-10,1.00585133E-02,-2.75945767E-10,-5.58348205E-11,-3.91710324E-11,2.02222118E-03,2.06187971E-03,9.80552388E-01
3.460000,-2.38984647E-11,3.21015715E-10,1.00584997E-02,-2.75711796E-10,-5.56385652E-11,-3.90730178E-11,2.02220812E-03,2.06186641E-03,9.80552388E-01
3.470000,-2.34135335E-11,3.21477312E-10,1.00584860E-02,-2.75475854E-10,-5.54435979E-11,-3.89753530E-11,2.02219508E-03,2.06185314E-03,9.80552388E-01
3.480000,-2.29339777E-11,3.21933155E-10,1.00584722E-02,-2.75237976E-10,-5.52499066E-11,-3.88780367E-11,2.02218206E-03,2.06183989E-03,9.80552388E-01
3.490000,-2.24596778E-11,3.22383351E-10,1.00584583E-02,-2.74998200E-10,-5.50574823E-11,-3.87810673E-11,2.02216907E-03,2.06182667E-03,9.80552388E-01
3.500000,-2.19905327E-11,3.22828009E-10,1.00584442E-02,-2.74756559E-10,-5.48663092E-11,-3.86844432E-11,2.02215611E-03,2.06181347E-03,9.80552388E-01
3.510000,-2.15264269E-11,3.23267222E-10,1.00584300E-02,-2.74513089E-10,-5.46763798E-11,-3.85881629E-11,2.02214317E-03,2.06180030E-03,9.80552388E-01
3.520000,-2.10672599E-11,3.23701096E-10,1.00584157E-02,-2.74267821E-10,-5.44876808E-11,-3.84922250E-11,2.02213025E-03,2.06178715E-03,9.80552388E-01
3.530000,-2.06129455E-11,3.24129719E-10,1.00584013E-02,-2.74020791E-10,-5.43002006E-11,-3.83966280E-11,2.02211736E-03,2.06177403E-03,9.80552388E-01
3.540000,-2.01633647E-11,3.24553193E-10,1.00583867E-02,-2.73772029E-10,-5.41139297E-11,-3.83013704E-11,2.02210450E-03,2.06176094E-03,9.80552388E-01
3.550000,-1.97184384E-11,3.24971596E-10,1.00583720E-02,-2.73521572E-10,-5.39288574E-11,-3.82064507E-11,2.02209166E-03,2.06174787E-03,9.80552388E-01
3.560000,-1.92780537E-11,3.25385022E-10,1.00583573E-02,-2.73269447E-10,-5.37449716E-11,-3.81118674E-11,2.02207885E-03,2.06173483E-03,9.80552388E-01
3.570000,-1.88421398E-11,3.25793556E-10,1.00583424E-02,-2.73015689E-10,-5.35622628E-11,-3.80176192E-11,2.02206606E-03,2.06172181E-03,9.80552388E-01
3.580000,-1.84105937E-11,3.26197291E-10,1.00583274E-02,-2.72760327E-10,-5.33807207E-11,-3.79237045E-11,2.02205330E-03,2.06170882E-03,9.80552388E-01
3.590000,-1.79833365E-11,3.26596311E-10,1.00583122E-02,-2.72503392E-10,-5.32003337E-11,-3.78301219E-11,2.02204056E-03,2.06169586E-03,9.80552388E-01
3.600000,-1.75602809E-11,3.26990685E-10,1.00582970E-02,-2.72244915E-10,-5.30210924E-11,-3.77368699E-11,2.02202785E-03,2.06168292E-03,9.80552388E-01
3.610000,-1.71413455E-11,3.27380495E-10,1.00582817E-02,-2.71984926E-10,-5.28429868E-11,-3.76439472E-11,2.02201517E-03,2.06167001E-03,9.80552388E-01
3.620000,-1.67264334E-11,3.27765826E-10,1.00582662E-02,-2.71723454E-10,-5.26660070E-11,-3.75513523E-11,2.02200251E-03,2.06165713E-03,9.80552388E-01
3.630000,-1.63154793E-11,3.28146742E-10,1.00582507E-02,-2.71460527E-10,-5.24901429E-11,-3.74590838E-11,2.02198988E-03,2.06164427E-03,9.80552388E-01
3.640000,-1.59084083E-11,3.28523328E-10,1.00582351E-02,-2.71196175E-10,-5.23153843E-11,-3.73671403E-11,2.02197727E-03,2.06163144E-03,9.80552388E-01
3.650000,-1.55051397E-11,3.28895651E-10,1.00582193E-02,-2.70930424E-10,-5.21417226E-11,-3.72755204E-11,2.02196469E-03,2.06161863E-03,9.80552388E-01
3.660000,-1.51055881E-11,3.29263774E-10,1.00582035E-02,-2.70663305E-10,-5.19691474E-11,-3.71842227E-11,2.02195214E-03,2.06160585E-03,9.80552388E-01
3.670000,-1.47097005E-11,3.29627774E-10,1.00581876E-02,-2.70394844E-10,-5.17976485E-11,-3.70932458E-11,2.02193961E-03,2.06159310E-03,9.80552388E-01
3.680000,-1.43173946E-11,3.29987724E-10,1.00581715E-02,-2.70125067E-10,-5.16272183E-11,-3.70025883E-11,2.02192711E-03,2.06158038E-03,9.80552388E-01
3.690000,-1.39286082E-11,3.30343675E-10,1.00581554E-02,-2.69854001E-10,-5.14578476E-11,-3.69122489E-11,2.02191464E-03,2.06156768E-03,9.80552388E-01
3.700000,-1.35432673E-11,3.30695691E-10,1.00581392E-02,-2.69581674E-10,-5.12895259E-11,-3.68222263E-11,2.02190219E-03,2.06155501E-03,9.80552388E-01
3.710000,-1.31613084E-11,3.31043851E-10,1.00581229E-02,-2.69308109E-10,-5.11222444E-11,-3.67325189E-11,2.02188977E-03,2.06154237E-03,9.80552388E-01
3.720000,-1.27826615E-11,3.31388203E-10,1.00581065E-02,-2.69033334E-10,-5.09559939E-11,-3.66431256E-11,2.02187737E-03,2.06152975E-03,9.80552388E-01
3.730000,-1.24072775E-11,3.31728806E-10,1.00580900E-02,-2.68757374E-10,-5.07907668E-11,-3.65540449E-11,2.02186500E-03,2.06151716E-03,9.80552388E-01
3.740000,-1.20350829E-11,3.32065731E-10,1.00580734E-02,-2.68480252E-10,-5.06265524E-11,-3.64652755E-11,2.02185266E-03,2.06150459E-03,9.80552388E-01
3.750000,-1.16660242E-11,3.32399014E-10,1.00580567E-02,-2.68201995E-10,-5.04633441E-11,-3.63768160E-11,2.02184035E-03,2.06149206E-03,9.80552388E-01
3.760000,-1.13000511E-11,3.32728732E-10,1.00580400E-02,-2.67922625E-10,-5.03011332E-11,-3.62886653E-11,2.02182806E-03,2.06147955E-03,9.80552388E-01
3.770000,-1.09370810E-11,3.33054932E-10,1.00580232E-02,-2.67642168E-10,-5.01399098E-11,-3.62008218E-11,2.02181579E-03,2.06146707E-03,9.80552388E-01
3.780000,-1.05770746E-11,3.33377656E-10,1.00580062E-02,-2.67360646E-10,-4.99796644E-11,-3.61132845E-11,2.02180356E-03,2.06145461E-03,9.80552388E-01
3.790000,-1.02199793E-11,3.33696962E-10,1.00579892E-02,-2.67078082E-10,-4.98203921E-11,-3.60260518E-11,2.02179135E-03,2.06144218E-03,9.80552388E-01
3.800000,-9.86572720E-12,3.34012911E-10,1.00579722E-02,-2.66794500E-10,-4.96620831E-11,-3.59391226E-11,2.02177917E-03,2.06142978E-03,9.80552388E-01
3.810000,-9.51427698E-12,3.34325540E-10,1.00579550E-02,-2.66509922E-10,-4.95047283E-11,-3.58524955E-11,2.02176701E-03,2.06141741E-03,9.80552388E-01
3.820000,-9.16559363E-12,3.34634896E-10,1.00579378E-02,-2.66224370E-10,-4.93483213E-11,-3.57661693E-11,2.02175488E-03,2.06140506E-03,9.80552388E-01
3.830000,-8.81958971E-12,3.34941043E-10,1.00579205E-02,-2.65937866E-10,-4.91928519E-11,-3.56801426E-11,2.02174278E-03,2.06139274E-03,9.80552388E-01
3.840000,-8.47624308E-12,3.35244015E-10,1.00579031E-02,-2.65650433E-10,-4.90383141E-11,-3.55944142E-11,2.02173070E-03,2.06138045E-03,9.80552388E-01
3.850000,-8.13550974E-12,3.35543856E-10,1.00578856E-02,-2.65362091E-10,-4.88846997E-11,-3.55089829E-11,2.02171865E-03,2.06136818E-03,9.80552388E-01
3.860000,-7.79732206E-12,3.35840615E-10,1.00578681E-02,-2.65072862E-10,-4.87320004E-11,-3.54238474E-11,2.02170663E-03,2.06135594E-03,9.80552388E-01
3.870000,-7.46164474E-12,3.36134335E-10,1.00578505E-02,-2.64782765E-10,-4.85802091E-11,-3.53390064E-11,2.02169463E-03,2.06134373E-03,9.80552388E-01
3.880000,-7.12843998E-12,3.36425053E-10,1.00578328E-02,-2.64491822E-10,-4.84293179E-11,-3.52544587E-11,2.02168266E-03,2.06133155E-03,9.80552388E-01
3.890000,-6.79765417E-12,3.36712809E-10,1.00578151E-02,-2.64200053E-10,-4.82793187E-11,-3.51702030E-11,2.02167071E-03,2.06131939E-03,9.80552388E-01
3.900000,-6.46924733E-12,3.36997652E-10,1.00577972E-02,-2.63907478E-10,-4.81302048E-11,-3.50862382E-11,2.02165880E-03,2.06130726E-03,9.80552388E-01
3.910000,-6.14318005E-12,3.37279618E-10,1.00577793E-02,-2.63614117E-10,-4.79819690E-11,-3.50025629E-11,2.02164690E-03,2.06129515E-03,9.80552388E-01
3.920000,-5.81942026E-12,3.37558746E-10,1.00577614E-02,-2.63319988E-10,-4.78346038E-11,-3.49191760E-11,2.02163504E-03,2.06128308E-03,9.80552388E-01
3.930000,-5.49791354E-12,3.37835072E-10,1.00577434E-02,-2.63025112E-10,-4.76881018E-11,-3.48360762E-11,2.02162320E-03,2.06127103E-03,9.80552388E-01
3.940000,-5.17862314E-12,3.38108634E-10,1.00577253E-02,-2.62729507E-10,-4.75424555E-11,-3.47532624E-11,2.02161139E-03,2.06125900E-03,9.80552388E-01
3.950000,-4.86151119E-12,3.38379461E-10,1.00577071E-02,-2.62433191E-10,-4.73976582E-11,-3.46707333E-11,2.02159960E-03,2.06124700E-03,9.80552388E-01
3.960000,-4.54654751E-12,3.38647605E-10,1.00576889E-02,-2.62136184E-10,-4.72537035E-11,-3.45884878E-11,2.02158784E-03,2.06123503E-03,9.80552388E-01
3.970000,-4.23369209E-12,3.38913074E-10,1.00576706E-02,-2.61838502E-10,-4.71105837E-11,-3.45065246E-11,2.02157611E-03,2.06122309E-03,9.80552388E-01
3.980000,-3.92291444E-12,3.39175935E-10,1.00576523E-02,-2.61540165E-10,-4.69682916E-11,-3.44248425E-11,2.02156440E-03,2.06121117E-03,9.80552388E-01
3.990000,-3.61417720E-12,3.39436191E-10,1.00576339E-02,-2.61241189E-10,-4.68268209E-11,-3.43434405E-11,2.02155272E-03,2.06119928E-03,9.80552388E-01
4.000000,-3.30743502E-12,3.39693899E-10,1.00576154E-02,-2.60941592E-10,-4.66861651E-11,-3.42623173E-11,2.02154106E-03,2.06118742E-03,9.80552388E-01
