time,u,gap
3.000000,-3.356687e-02,2.02903600e-02
3.001000,-3.356289e-02,2.02568000e-02
3.002000,-3.356256e-02,2.02232300e-02
3.003000,-3.356187e-02,2.01896700e-02
3.004000,-3.355747e-02,2.01561100e-02
3.005000,-3.355020e-02,2.01225600e-02
3.006000,-3.354314e-02,2.00890200e-02
3.007000,-3.352881e-02,2.00554900e-02
3.008000,-3.351267e-02,2.00219800e-02
3.009000,-3.349486e-02,1.99884800e-02
3.010000,-3.348788e-02,1.99550000e-02
3.011000,-3.348202e-02,1.99215100e-02
3.012000,-3.346915e-02,1.98880500e-02
3.013000,-3.345876e-02,1.98545900e-02
3.014000,-3.345803e-02,1.98211300e-02
3.015000,-3.346371e-02,1.97876600e-02
3.016000,-3.346551e-02,1.97542000e-02
3.017000,-3.345848e-02,1.97207400e-02
3.018000,-3.345356e-02,1.96872900e-02
3.019000,-3.345276e-02,1.96538300e-02
3.020000,-3.345033e-02,1.96203800e-02
3.021000,-3.344202e-02,1.95869400e-02
3.022000,-3.342930e-02,1.95535100e-02
3.023000,-3.341898e-02,1.95200900e-02
3.024000,-3.340156e-02,1.94866900e-02
3.025000,-3.338495e-02,1.94533100e-02
3.026000,-3.337346e-02,1.94199300e-02
3.027000,-3.336647e-02,1.93865700e-02
3.028000,-3.335827e-02,1.93532100e-02
3.029000,-3.334547e-02,1.93198600e-02
3.030000,-3.333794e-02,1.92865300e-02
3.031000,-3.334375e-02,1.92531800e-02
3.032000,-3.334716e-02,1.92198300e-02
3.033000,-3.334546e-02,1.91864900e-02
3.034000,-3.333642e-02,1.91531500e-02
3.035000,-3.332982e-02,1.91198200e-02
3.036000,-3.332924e-02,1.90864900e-02
3.037000,-3.332802e-02,1.90531700e-02
3.038000,-3.331713e-02,1.90198500e-02
3.039000,-3.330440e-02,1.89865400e-02
3.040000,-3.329599e-02,1.89532500e-02
3.041000,-3.328222e-02,1.89199700e-02
3.042000,-3.326116e-02,1.88867000e-02
3.043000,-3.325319e-02,1.88534500e-02
3.044000,-3.324669e-02,1.88202000e-02
3.045000,-3.323256e-02,1.87869700e-02
3.046000,-3.322002e-02,1.87537500e-02
3.047000,-3.321780e-02,1.87205300e-02
3.048000,-3.322004e-02,1.86873100e-02
3.049000,-3.321677e-02,1.86541000e-02
3.050000,-3.321182e-02,1.86208900e-02
3.051000,-3.320908e-02,1.85876800e-02
3.052000,-3.320780e-02,1.85544700e-02
3.053000,-3.320107e-02,1.85212700e-02
3.054000,-3.319373e-02,1.84880700e-02
3.055000,-3.318293e-02,1.84548900e-02
3.056000,-3.317246e-02,1.84217200e-02
3.057000,-3.315046e-02,1.83885700e-02
3.058000,-3.313410e-02,1.83554300e-02
3.059000,-3.311943e-02,1.83223100e-02
3.060000,-3.311062e-02,1.82892000e-02
3.061000,-3.310143e-02,1.82561000e-02
3.062000,-3.308729e-02,1.82230200e-02
3.063000,-3.307712e-02,1.81899400e-02
3.064000,-3.307388e-02,1.81568600e-02
3.065000,-3.307757e-02,1.81237900e-02
3.066000,-3.307566e-02,1.80907100e-02
3.067000,-3.306869e-02,1.80576400e-02
3.068000,-3.306316e-02,1.80245800e-02
3.069000,-3.305949e-02,1.79915200e-02
3.070000,-3.305629e-02,1.79584600e-02
3.071000,-3.304857e-02,1.79254200e-02
3.072000,-3.303743e-02,1.78923800e-02
3.073000,-3.302518e-02,1.78593500e-02
3.074000,-3.300628e-02,1.78263500e-02
3.075000,-3.298838e-02,1.77933600e-02
3.076000,-3.297099e-02,1.77603900e-02
3.077000,-3.296198e-02,1.77274200e-02
3.078000,-3.295106e-02,1.76944700e-02
3.079000,-3.293345e-02,1.76615400e-02
3.080000,-3.292514e-02,1.76286200e-02
3.081000,-3.292541e-02,1.75956900e-02
3.082000,-3.292404e-02,1.75627700e-02
3.083000,-3.292400e-02,1.75298400e-02
3.084000,-3.291563e-02,1.74969300e-02
3.085000,-3.290824e-02,1.74640200e-02
3.086000,-3.290471e-02,1.74311100e-02
3.087000,-3.289961e-02,1.73982100e-02
3.088000,-3.288833e-02,1.73653300e-02
3.089000,-3.287310e-02,1.73324500e-02
3.090000,-3.285987e-02,1.72995900e-02
3.091000,-3.283980e-02,1.72667500e-02
3.092000,-3.282045e-02,1.72339300e-02
3.093000,-3.280613e-02,1.72011300e-02
3.094000,-3.279671e-02,1.71683300e-02
3.095000,-3.278496e-02,1.71355400e-02
3.096000,-3.276829e-02,1.71027800e-02
3.097000,-3.275968e-02,1.70700200e-02
3.098000,-3.275892e-02,1.70372600e-02
3.099000,-3.275946e-02,1.70045000e-02
3.100000,-3.275876e-02,1.69717400e-02
3.101000,-3.275061e-02,1.69389900e-02
3.102000,-3.274081e-02,1.69062500e-02
3.103000,-3.273525e-02,1.68735100e-02
3.104000,-3.272927e-02,1.68407800e-02
3.105000,-3.271969e-02,1.68080600e-02
3.106000,-3.270529e-02,1.67753600e-02
3.107000,-3.269154e-02,1.67426700e-02
3.108000,-3.267368e-02,1.67099900e-02
3.109000,-3.265256e-02,1.66773400e-02
3.110000,-3.263675e-02,1.66447000e-02
3.111000,-3.262419e-02,1.66120800e-02
3.112000,-3.261044e-02,1.65794700e-02
3.113000,-3.259312e-02,1.65468800e-02
3.114000,-3.258274e-02,1.65142900e-02
3.115000,-3.258016e-02,1.64817100e-02
3.116000,-3.257868e-02,1.64491300e-02
3.117000,-3.257983e-02,1.64165500e-02
3.118000,-3.257123e-02,1.63839800e-02
3.119000,-3.255840e-02,1.63514200e-02
3.120000,-3.255286e-02,1.63188700e-02
3.121000,-3.254667e-02,1.62863300e-02
3.122000,-3.253494e-02,1.62537900e-02
3.123000,-3.251770e-02,1.62212700e-02
3.124000,-3.250246e-02,1.61887700e-02
3.125000,-3.248050e-02,1.61562900e-02
3.126000,-3.245950e-02,1.61238300e-02
3.127000,-3.244364e-02,1.60913900e-02
3.128000,-3.243243e-02,1.60589500e-02
3.129000,-3.241840e-02,1.60265400e-02
3.130000,-3.239987e-02,1.59941400e-02
3.131000,-3.239075e-02,1.59617500e-02
3.132000,-3.238870e-02,1.59293600e-02
3.133000,-3.238471e-02,1.58969700e-02
3.134000,-3.238168e-02,1.58645900e-02
3.135000,-3.237140e-02,1.58322200e-02
3.136000,-3.236277e-02,1.57998600e-02
3.137000,-3.235577e-02,1.57675000e-02
3.138000,-3.234738e-02,1.57351500e-02
3.139000,-3.233660e-02,1.57028200e-02
3.140000,-3.232177e-02,1.56704900e-02
3.141000,-3.230712e-02,1.56381900e-02
3.142000,-3.228605e-02,1.56059000e-02
3.143000,-3.226466e-02,1.55736400e-02
3.144000,-3.224333e-02,1.55413900e-02
3.145000,-3.223131e-02,1.55091600e-02
3.146000,-3.221741e-02,1.54769400e-02
3.147000,-3.219749e-02,1.54447500e-02
3.148000,-3.218275e-02,1.54125600e-02
3.149000,-3.217704e-02,1.53803900e-02
3.150000,-3.217551e-02,1.53482100e-02
3.151000,-3.216924e-02,1.53160400e-02
3.152000,-3.215721e-02,1.52838900e-02
3.153000,-3.214733e-02,1.52517400e-02
3.154000,-3.214077e-02,1.52196000e-02
3.155000,-3.213210e-02,1.51874700e-02
3.156000,-3.211909e-02,1.51553500e-02
3.157000,-3.210408e-02,1.51232400e-02
3.158000,-3.208779e-02,1.50911500e-02
3.159000,-3.206205e-02,1.50590900e-02
3.160000,-3.204263e-02,1.50270500e-02
3.161000,-3.202208e-02,1.49950300e-02
3.162000,-3.200962e-02,1.49630200e-02
3.163000,-3.199504e-02,1.49310200e-02
3.164000,-3.197493e-02,1.48990500e-02
3.165000,-3.195937e-02,1.48670900e-02
3.166000,-3.195258e-02,1.48351400e-02
3.167000,-3.194953e-02,1.48031900e-02
3.168000,-3.193777e-02,1.47712500e-02
3.169000,-3.192742e-02,1.47393200e-02
3.170000,-3.191887e-02,1.47074000e-02
3.171000,-3.190847e-02,1.46754900e-02
3.172000,-3.189688e-02,1.46436000e-02
3.173000,-3.188728e-02,1.46117100e-02
3.174000,-3.187023e-02,1.45798400e-02
3.175000,-3.185156e-02,1.45479900e-02
3.176000,-3.183679e-02,1.45161500e-02
3.177000,-3.181829e-02,1.44843300e-02
3.178000,-3.179196e-02,1.44525400e-02
3.179000,-3.177285e-02,1.44207700e-02
3.180000,-3.175674e-02,1.43890100e-02
3.181000,-3.173888e-02,1.43572700e-02
3.182000,-3.171705e-02,1.43255600e-02
3.183000,-3.170255e-02,1.42938500e-02
3.184000,-3.169654e-02,1.42621600e-02
3.185000,-3.169054e-02,1.42304700e-02
3.186000,-3.168491e-02,1.41987800e-02
3.187000,-3.166996e-02,1.41671100e-02
3.188000,-3.165824e-02,1.41354500e-02
3.189000,-3.165082e-02,1.41038000e-02
3.190000,-3.163824e-02,1.40721600e-02
3.191000,-3.162130e-02,1.40405400e-02
3.192000,-3.160341e-02,1.40089400e-02
3.193000,-3.158403e-02,1.39773500e-02
3.194000,-3.155729e-02,1.39458000e-02
3.195000,-3.153238e-02,1.39142600e-02
3.196000,-3.151143e-02,1.38827500e-02
3.197000,-3.149709e-02,1.38512600e-02
3.198000,-3.148031e-02,1.38197800e-02
3.199000,-3.145745e-02,1.37883200e-02
3.200000,-3.143977e-02,1.37568800e-02
3.201000,-3.142958e-02,1.37254500e-02
3.202000,-3.142413e-02,1.36940300e-02
3.203000,-3.141248e-02,1.36626100e-02
3.204000,-3.140131e-02,1.36312100e-02
3.205000,-3.138718e-02,1.35998200e-02
3.206000,-3.137494e-02,1.35684500e-02
3.207000,-3.136463e-02,1.35370800e-02
3.208000,-3.135147e-02,1.35057300e-02
3.209000,-3.133358e-02,1.34744000e-02
3.210000,-3.131317e-02,1.34430900e-02
3.211000,-3.129344e-02,1.34117900e-02
3.212000,-3.127024e-02,1.33805200e-02
3.213000,-3.124220e-02,1.33492800e-02
3.214000,-3.121853e-02,1.33180600e-02
3.215000,-3.119960e-02,1.32868600e-02
3.216000,-3.118279e-02,1.32556800e-02
3.217000,-3.115817e-02,1.32245200e-02
3.218000,-3.113934e-02,1.31933800e-02
3.219000,-3.112809e-02,1.31622500e-02
3.220000,-3.112113e-02,1.31311300e-02
3.221000,-3.110890e-02,1.31000200e-02
3.222000,-3.109364e-02,1.30689300e-02
3.223000,-3.108156e-02,1.30378500e-02
3.224000,-3.106942e-02,1.30067800e-02
3.225000,-3.105375e-02,1.29757300e-02
3.226000,-3.104107e-02,1.29446800e-02
3.227000,-3.101977e-02,1.29136600e-02
3.228000,-3.099564e-02,1.28826700e-02
3.229000,-3.097251e-02,1.28517000e-02
3.230000,-3.094861e-02,1.28207500e-02
3.231000,-3.092012e-02,1.27898300e-02
3.232000,-3.089703e-02,1.27589300e-02
3.233000,-3.087812e-02,1.27280500e-02
3.234000,-3.085898e-02,1.26971900e-02
3.235000,-3.083358e-02,1.26663600e-02
3.236000,-3.081536e-02,1.26355400e-02
3.237000,-3.080390e-02,1.26047400e-02
3.238000,-3.079499e-02,1.25739500e-02
3.239000,-3.078286e-02,1.25431600e-02
3.240000,-3.076515e-02,1.25124000e-02
3.241000,-3.074995e-02,1.24816500e-02
3.242000,-3.073641e-02,1.24509100e-02
3.243000,-3.072083e-02,1.24201900e-02
3.244000,-3.070575e-02,1.23894900e-02
3.245000,-3.068528e-02,1.23588000e-02
3.246000,-3.066191e-02,1.23281400e-02
3.247000,-3.063974e-02,1.22975000e-02
3.248000,-3.061471e-02,1.22668800e-02
3.249000,-3.058308e-02,1.22363000e-02
3.250000,-3.055740e-02,1.22057400e-02
3.251000,-3.053532e-02,1.21752100e-02
3.252000,-3.051411e-02,1.21446900e-02
3.253000,-3.048723e-02,1.21142100e-02
3.254000,-3.046648e-02,1.20837400e-02
3.255000,-3.045286e-02,1.20532900e-02
3.256000,-3.044154e-02,1.20228500e-02
3.257000,-3.042651e-02,1.19924200e-02
3.258000,-3.040933e-02,1.19620100e-02
3.259000,-3.039487e-02,1.19316100e-02
3.260000,-3.037820e-02,1.19012400e-02
3.261000,-3.036143e-02,1.18708800e-02
3.262000,-3.034582e-02,1.18405300e-02
3.263000,-3.032183e-02,1.18102100e-02
3.264000,-3.029715e-02,1.17799100e-02
3.265000,-3.026981e-02,1.17496400e-02
3.266000,-3.024134e-02,1.17194000e-02
3.267000,-3.021377e-02,1.16891900e-02
3.268000,-3.018506e-02,1.16590000e-02
3.269000,-3.016319e-02,1.16288400e-02
3.270000,-3.014207e-02,1.15987000e-02
3.271000,-3.011462e-02,1.15685800e-02
3.272000,-3.008912e-02,1.15384900e-02
3.273000,-3.007094e-02,1.15084200e-02
3.274000,-3.006229e-02,1.14783600e-02
3.275000,-3.004828e-02,1.14483100e-02
3.276000,-3.003307e-02,1.14182800e-02
3.277000,-3.001107e-02,1.13882700e-02
3.278000,-2.999287e-02,1.13582700e-02
3.279000,-2.997732e-02,1.13283000e-02
3.280000,-2.995794e-02,1.12983400e-02
3.281000,-2.993659e-02,1.12684000e-02
3.282000,-2.991416e-02,1.12384900e-02
3.283000,-2.989076e-02,1.12086000e-02
3.284000,-2.986129e-02,1.11787300e-02
3.285000,-2.983110e-02,1.11489000e-02
3.286000,-2.979594e-02,1.11191100e-02
3.287000,-2.977101e-02,1.10893400e-02
3.288000,-2.974679e-02,1.10595900e-02
3.289000,-2.971712e-02,1.10298700e-02
3.290000,-2.968305e-02,1.10001900e-02
3.291000,-2.966232e-02,1.09705300e-02
3.292000,-2.964917e-02,1.09408800e-02
3.293000,-2.963277e-02,1.09112500e-02
3.294000,-2.961318e-02,1.08816300e-02
3.295000,-2.959178e-02,1.08520400e-02
3.296000,-2.957480e-02,1.08224700e-02
3.297000,-2.955543e-02,1.07929100e-02
3.298000,-2.953472e-02,1.07633800e-02
3.299000,-2.951424e-02,1.07338600e-02
3.300000,-2.948820e-02,1.07043700e-02
3.301000,-2.946026e-02,1.06749100e-02
3.302000,-2.943137e-02,1.06454800e-02
3.303000,-2.939780e-02,1.06160800e-02
3.304000,-2.936585e-02,1.05867200e-02
3.305000,-2.933347e-02,1.05573800e-02
3.306000,-2.930933e-02,1.05280800e-02
3.307000,-2.928496e-02,1.04987900e-02
3.308000,-2.925493e-02,1.04695400e-02
3.309000,-2.922316e-02,1.04403100e-02
3.310000,-2.919881e-02,1.04111100e-02
3.311000,-2.918328e-02,1.03819300e-02
3.312000,-2.916582e-02,1.03527600e-02
3.313000,-2.914724e-02,1.03236200e-02
3.314000,-2.912251e-02,1.02944900e-02
3.315000,-2.910036e-02,1.02653900e-02
3.316000,-2.908048e-02,1.02363100e-02
3.317000,-2.906011e-02,1.02072500e-02
3.318000,-2.903682e-02,1.01782200e-02
3.319000,-2.901042e-02,1.01492100e-02
3.320000,-2.898247e-02,1.01202200e-02
3.321000,-2.895358e-02,1.00912700e-02
3.322000,-2.892155e-02,1.00623500e-02
3.323000,-2.888678e-02,1.00334600e-02
3.324000,-2.884925e-02,1.00046100e-02
3.325000,-2.882389e-02,9.97579000e-03
3.326000,-2.879681e-02,9.94699000e-03
3.327000,-2.876206e-02,9.91823000e-03
3.328000,-2.872613e-02,9.88950000e-03
3.329000,-2.870027e-02,9.86080000e-03
3.330000,-2.868346e-02,9.83212000e-03
3.331000,-2.866257e-02,9.80346000e-03
3.332000,-2.864006e-02,9.77482000e-03
3.333000,-2.861510e-02,9.74620000e-03
3.334000,-2.859277e-02,9.71761000e-03
3.335000,-2.857088e-02,9.68904000e-03
3.336000,-2.854729e-02,9.66049000e-03
3.337000,-2.852088e-02,9.63197000e-03
3.338000,-2.849360e-02,9.60348000e-03
3.339000,-2.846636e-02,9.57501000e-03
3.340000,-2.843383e-02,9.54658000e-03
3.341000,-2.839629e-02,9.51818000e-03
3.342000,-2.836224e-02,9.48982000e-03
3.343000,-2.832285e-02,9.46150000e-03
3.344000,-2.828892e-02,9.43321000e-03
3.345000,-2.826150e-02,9.40494000e-03
3.346000,-2.823361e-02,9.37671000e-03
3.347000,-2.819674e-02,9.34851000e-03
3.348000,-2.816344e-02,9.32035000e-03
3.349000,-2.813696e-02,9.29221000e-03
3.350000,-2.811827e-02,9.26410000e-03
3.351000,-2.809541e-02,9.23600000e-03
3.352000,-2.807372e-02,9.20793000e-03
3.353000,-2.804386e-02,9.17988000e-03
3.354000,-2.801843e-02,9.15186000e-03
3.355000,-2.799191e-02,9.12387000e-03
3.356000,-2.796529e-02,9.09591000e-03
3.357000,-2.794002e-02,9.06797000e-03
3.358000,-2.790963e-02,9.04006000e-03
3.359000,-2.787816e-02,9.01218000e-03
3.360000,-2.784608e-02,8.98433000e-03
3.361000,-2.781138e-02,8.95652000e-03
3.362000,-2.777495e-02,8.92875000e-03
3.363000,-2.773179e-02,8.90102000e-03
3.364000,-2.769628e-02,8.87332000e-03
3.365000,-2.766383e-02,8.84565000e-03
3.366000,-2.762945e-02,8.81803000e-03
3.367000,-2.759106e-02,8.79043000e-03
3.368000,-2.755871e-02,8.76288000e-03
3.369000,-2.753384e-02,8.73534000e-03
3.370000,-2.750938e-02,8.70783000e-03
3.371000,-2.748311e-02,8.68035000e-03
3.372000,-2.745748e-02,8.65289000e-03
3.373000,-2.742552e-02,8.62547000e-03
3.374000,-2.739783e-02,8.59807000e-03
3.375000,-2.737026e-02,8.57070000e-03
3.376000,-2.734091e-02,8.54336000e-03
3.377000,-2.731328e-02,8.51604000e-03
3.378000,-2.727725e-02,8.48877000e-03
3.379000,-2.724303e-02,8.46152000e-03
3.380000,-2.720715e-02,8.43432000e-03
3.381000,-2.716752e-02,8.40715000e-03
3.382000,-2.712892e-02,8.38002000e-03
3.383000,-2.708369e-02,8.35294000e-03
3.384000,-2.704403e-02,8.32589000e-03
3.385000,-2.701234e-02,8.29888000e-03
3.386000,-2.698248e-02,8.27190000e-03
3.387000,-2.694151e-02,8.24496000e-03
3.388000,-2.690067e-02,8.21806000e-03
3.389000,-2.686605e-02,8.19119000e-03
3.390000,-2.684341e-02,8.16435000e-03
3.391000,-2.681728e-02,8.13753000e-03
3.392000,-2.678878e-02,8.11074000e-03
3.393000,-2.675678e-02,8.08398000e-03
3.394000,-2.672561e-02,8.05726000e-03
3.395000,-2.669776e-02,8.03056000e-03
3.396000,-2.666951e-02,8.00389000e-03
3.397000,-2.663777e-02,7.97725000e-03
3.398000,-2.660345e-02,7.95065000e-03
3.399000,-2.656810e-02,7.92408000e-03
3.400000,-2.653311e-02,7.89755000e-03
3.401000,-2.649548e-02,7.87105000e-03
3.402000,-2.645634e-02,7.84460000e-03
3.403000,-2.641279e-02,7.81818000e-03
3.404000,-2.636598e-02,7.79182000e-03
3.405000,-2.632628e-02,7.76549000e-03
3.406000,-2.628941e-02,7.73920000e-03
3.407000,-2.625122e-02,7.71295000e-03
3.408000,-2.620786e-02,7.68674000e-03
3.409000,-2.616621e-02,7.66058000e-03
3.410000,-2.613276e-02,7.63444000e-03
3.411000,-2.610615e-02,7.60834000e-03
3.412000,-2.607366e-02,7.58226000e-03
3.413000,-2.604330e-02,7.55622000e-03
3.414000,-2.600964e-02,7.53021000e-03
3.415000,-2.597485e-02,7.50424000e-03
3.416000,-2.594311e-02,7.47829000e-03
3.417000,-2.591211e-02,7.45238000e-03
3.418000,-2.587700e-02,7.42650000e-03
3.419000,-2.584229e-02,7.40066000e-03
3.420000,-2.580360e-02,7.37486000e-03
3.421000,-2.576449e-02,7.34909000e-03
3.422000,-2.572269e-02,7.32337000e-03
3.423000,-2.567816e-02,7.29769000e-03
3.424000,-2.563470e-02,7.27206000e-03
3.425000,-2.558467e-02,7.24647000e-03
3.426000,-2.554200e-02,7.22093000e-03
3.427000,-2.550536e-02,7.19543000e-03
3.428000,-2.546790e-02,7.16996000e-03
3.429000,-2.542137e-02,7.14454000e-03
3.430000,-2.537476e-02,7.11916000e-03
3.431000,-2.533682e-02,7.09382000e-03
3.432000,-2.530682e-02,7.06852000e-03
3.433000,-2.527557e-02,7.04324000e-03
3.434000,-2.524027e-02,7.01800000e-03
3.435000,-2.520644e-02,6.99280000e-03
3.436000,-2.516949e-02,6.96763000e-03
3.437000,-2.513605e-02,6.94249000e-03
3.438000,-2.510211e-02,6.91739000e-03
3.439000,-2.506504e-02,6.89232000e-03
3.440000,-2.502458e-02,6.86730000e-03
3.441000,-2.498737e-02,6.84231000e-03
3.442000,-2.494888e-02,6.81736000e-03
3.443000,-2.490851e-02,6.79245000e-03
3.444000,-2.486380e-02,6.76759000e-03
3.445000,-2.482039e-02,6.74277000e-03
3.446000,-2.477526e-02,6.71799000e-03
3.447000,-2.472130e-02,6.69327000e-03
3.448000,-2.467384e-02,6.66860000e-03
3.449000,-2.463338e-02,6.64397000e-03
3.450000,-2.459221e-02,6.61937000e-03
3.451000,-2.454130e-02,6.59483000e-03
3.452000,-2.449164e-02,6.57034000e-03
3.453000,-2.445136e-02,6.54589000e-03
3.454000,-2.441896e-02,6.52147000e-03
3.455000,-2.438013e-02,6.49709000e-03
3.456000,-2.434020e-02,6.47275000e-03
3.457000,-2.430572e-02,6.44844000e-03
3.458000,-2.427089e-02,6.42417000e-03
3.459000,-2.423102e-02,6.39994000e-03
3.460000,-2.418985e-02,6.37575000e-03
3.461000,-2.415341e-02,6.35160000e-03
3.462000,-2.411224e-02,6.32749000e-03
3.463000,-2.407331e-02,6.30341000e-03
3.464000,-2.402855e-02,6.27939000e-03
3.465000,-2.398739e-02,6.25540000e-03
3.466000,-2.393846e-02,6.23146000e-03
3.467000,-2.388730e-02,6.20757000e-03
3.468000,-2.383973e-02,6.18373000e-03
3.469000,-2.379359e-02,6.15994000e-03
3.470000,-2.374028e-02,6.13620000e-03
3.471000,-2.369050e-02,6.11251000e-03
3.472000,-2.364816e-02,6.08886000e-03
3.473000,-2.360457e-02,6.06526000e-03
3.474000,-2.355502e-02,6.04170000e-03
3.475000,-2.350579e-02,6.01819000e-03
3.476000,-2.346014e-02,5.99473000e-03
3.477000,-2.342038e-02,5.97131000e-03
3.478000,-2.338019e-02,5.94793000e-03
3.479000,-2.333983e-02,5.92459000e-03
3.480000,-2.330263e-02,5.90129000e-03
3.481000,-2.326641e-02,5.87802000e-03
3.482000,-2.322171e-02,5.85480000e-03
3.483000,-2.317952e-02,5.83162000e-03
3.484000,-2.314160e-02,5.80848000e-03
3.485000,-2.310058e-02,5.78538000e-03
3.486000,-2.305670e-02,5.76232000e-03
3.487000,-2.301371e-02,5.73931000e-03
3.488000,-2.296961e-02,5.71634000e-03
3.489000,-2.292544e-02,5.69342000e-03
3.490000,-2.287585e-02,5.67054000e-03
3.491000,-2.282139e-02,5.64772000e-03
3.492000,-2.277250e-02,5.62495000e-03
3.493000,-2.272284e-02,5.60222000e-03
3.494000,-2.266652e-02,5.57956000e-03
3.495000,-2.261528e-02,5.55694000e-03
3.496000,-2.257037e-02,5.53437000e-03
3.497000,-2.252009e-02,5.51185000e-03
3.498000,-2.246467e-02,5.48939000e-03
3.499000,-2.241001e-02,5.46698000e-03
3.500000,-2.236181e-02,5.44461000e-03
3.501000,-2.231766e-02,5.42230000e-03
3.502000,-2.227632e-02,5.40002000e-03
3.503000,-2.223394e-02,5.37779000e-03
3.504000,-2.219204e-02,5.35559000e-03
3.505000,-2.215097e-02,5.33344000e-03
3.506000,-2.210187e-02,5.31134000e-03
3.507000,-2.205570e-02,5.28929000e-03
3.508000,-2.201555e-02,5.26727000e-03
3.509000,-2.197491e-02,5.24530000e-03
3.510000,-2.192565e-02,5.22337000e-03
3.511000,-2.187843e-02,5.20149000e-03
3.512000,-2.182954e-02,5.17966000e-03
3.513000,-2.178437e-02,5.15788000e-03
3.514000,-2.173549e-02,5.13614000e-03
3.515000,-2.168194e-02,5.11446000e-03
3.516000,-2.162139e-02,5.09284000e-03
3.517000,-2.156906e-02,5.07127000e-03
3.518000,-2.151825e-02,5.04975000e-03
3.519000,-2.146075e-02,5.02829000e-03
3.520000,-2.140524e-02,5.00689000e-03
3.521000,-2.135731e-02,4.98553000e-03
3.522000,-2.131110e-02,4.96422000e-03
3.523000,-2.125779e-02,4.94296000e-03
3.524000,-2.120022e-02,4.92176000e-03
3.525000,-2.114744e-02,4.90061000e-03
3.526000,-2.109999e-02,4.87951000e-03
3.527000,-2.105583e-02,4.85846000e-03
3.528000,-2.100992e-02,4.83745000e-03
3.529000,-2.096280e-02,4.81648000e-03
3.530000,-2.092176e-02,4.79556000e-03
3.531000,-2.087957e-02,4.77468000e-03
3.532000,-2.082953e-02,4.75385000e-03
3.533000,-2.078019e-02,4.73307000e-03
3.534000,-2.073674e-02,4.71234000e-03
3.535000,-2.069233e-02,4.69164000e-03
3.536000,-2.064237e-02,4.67100000e-03
3.537000,-2.059248e-02,4.65041000e-03
3.538000,-2.054216e-02,4.62987000e-03
3.539000,-2.049565e-02,4.60937000e-03
3.540000,-2.044727e-02,4.58892000e-03
3.541000,-2.039165e-02,4.56853000e-03
3.542000,-2.033384e-02,4.54820000e-03
3.543000,-2.028237e-02,4.52792000e-03
3.544000,-2.022946e-02,4.50769000e-03
3.545000,-2.016804e-02,4.48752000e-03
3.546000,-2.010408e-02,4.46741000e-03
3.547000,-2.005279e-02,4.44736000e-03
3.548000,-2.000532e-02,4.42736000e-03
3.549000,-1.994949e-02,4.40741000e-03
3.550000,-1.988975e-02,4.38752000e-03
3.551000,-1.982739e-02,4.36769000e-03
3.552000,-1.977275e-02,4.34792000e-03
3.553000,-1.972476e-02,4.32819000e-03
3.554000,-1.967748e-02,4.30851000e-03
3.555000,-1.962685e-02,4.28889000e-03
3.556000,-1.957421e-02,4.26931000e-03
3.557000,-1.952988e-02,4.24978000e-03
3.558000,-1.948767e-02,4.23030000e-03
3.559000,-1.943877e-02,4.21086000e-03
3.560000,-1.938351e-02,4.19147000e-03
3.561000,-1.933338e-02,4.17214000e-03
3.562000,-1.929073e-02,4.15285000e-03
3.563000,-1.923876e-02,4.13361000e-03
3.564000,-1.918331e-02,4.11443000e-03
3.565000,-1.913290e-02,4.09529000e-03
3.566000,-1.908141e-02,4.07621000e-03
3.567000,-1.903139e-02,4.05718000e-03
3.568000,-1.897814e-02,4.03820000e-03
3.569000,-1.891803e-02,4.01928000e-03
3.570000,-1.885527e-02,4.00043000e-03
3.571000,-1.879973e-02,3.98163000e-03
3.572000,-1.874526e-02,3.96288000e-03
3.573000,-1.868750e-02,3.94420000e-03
3.574000,-1.862332e-02,3.92557000e-03
3.575000,-1.856421e-02,3.90701000e-03
3.576000,-1.851144e-02,3.88850000e-03
3.577000,-1.846248e-02,3.87004000e-03
3.578000,-1.840814e-02,3.85163000e-03
3.579000,-1.834683e-02,3.83328000e-03
3.580000,-1.828533e-02,3.81500000e-03
3.581000,-1.822955e-02,3.79677000e-03
3.582000,-1.817787e-02,3.77859000e-03
3.583000,-1.812675e-02,3.76046000e-03
3.584000,-1.807444e-02,3.74239000e-03
3.585000,-1.802532e-02,3.72436000e-03
3.586000,-1.797723e-02,3.70638000e-03
3.587000,-1.793095e-02,3.68845000e-03
3.588000,-1.788237e-02,3.67057000e-03
3.589000,-1.782768e-02,3.65274000e-03
3.590000,-1.777618e-02,3.63497000e-03
3.591000,-1.772840e-02,3.61724000e-03
3.592000,-1.768181e-02,3.59956000e-03
3.593000,-1.762797e-02,3.58193000e-03
3.594000,-1.757251e-02,3.56436000e-03
3.595000,-1.752094e-02,3.54684000e-03
3.596000,-1.746752e-02,3.52937000e-03
3.597000,-1.741562e-02,3.51195000e-03
3.598000,-1.736434e-02,3.49459000e-03
3.599000,-1.730911e-02,3.47728000e-03
3.600000,-1.724991e-02,3.46003000e-03
3.601000,-1.718991e-02,3.44284000e-03
3.602000,-1.713489e-02,3.42570000e-03
3.603000,-1.707860e-02,3.40863000e-03
3.604000,-1.701631e-02,3.39161000e-03
3.605000,-1.694942e-02,3.37466000e-03
3.606000,-1.688905e-02,3.35777000e-03
3.607000,-1.683766e-02,3.34093000e-03
3.608000,-1.678560e-02,3.32415000e-03
3.609000,-1.672364e-02,3.30742000e-03
3.610000,-1.666401e-02,3.29076000e-03
3.611000,-1.660122e-02,3.27416000e-03
3.612000,-1.654089e-02,3.25762000e-03
3.613000,-1.648231e-02,3.24114000e-03
3.614000,-1.642986e-02,3.22471000e-03
3.615000,-1.637795e-02,3.20833000e-03
3.616000,-1.632448e-02,3.19200000e-03
3.617000,-1.626872e-02,3.17573000e-03
3.618000,-1.621650e-02,3.15952000e-03
3.619000,-1.616987e-02,3.14335000e-03
3.620000,-1.612431e-02,3.12722000e-03
3.621000,-1.607086e-02,3.11115000e-03
3.622000,-1.601248e-02,3.09514000e-03
3.623000,-1.595589e-02,3.07918000e-03
3.624000,-1.590943e-02,3.06328000e-03
3.625000,-1.586444e-02,3.04741000e-03
3.626000,-1.580791e-02,3.03160000e-03
3.627000,-1.574929e-02,3.01585000e-03
3.628000,-1.569694e-02,3.00016000e-03
3.629000,-1.564548e-02,2.98451000e-03
3.630000,-1.559052e-02,2.96892000e-03
3.631000,-1.553893e-02,2.95338000e-03
3.632000,-1.548584e-02,2.93790000e-03
3.633000,-1.542564e-02,2.92247000e-03
3.634000,-1.536158e-02,2.90711000e-03
3.635000,-1.530034e-02,2.89181000e-03
3.636000,-1.524415e-02,2.87656000e-03
3.637000,-1.518803e-02,2.86138000e-03
3.638000,-1.513302e-02,2.84624000e-03
3.639000,-1.506949e-02,2.83117000e-03
3.640000,-1.500526e-02,2.81617000e-03
3.641000,-1.494725e-02,2.80122000e-03
3.642000,-1.489633e-02,2.78632000e-03
3.643000,-1.484688e-02,2.77148000e-03
3.644000,-1.479173e-02,2.75669000e-03
3.645000,-1.473613e-02,2.74195000e-03
3.646000,-1.467307e-02,2.72728000e-03
3.647000,-1.461331e-02,2.71266000e-03
3.648000,-1.455474e-02,2.69811000e-03
3.649000,-1.450159e-02,2.68361000e-03
3.650000,-1.445090e-02,2.66916000e-03
3.651000,-1.439782e-02,2.65476000e-03
3.652000,-1.434379e-02,2.64041000e-03
3.653000,-1.429039e-02,2.62612000e-03
3.654000,-1.423931e-02,2.61188000e-03
3.655000,-1.419063e-02,2.59769000e-03
3.656000,-1.414527e-02,2.58355000e-03
3.657000,-1.409781e-02,2.56945000e-03
3.658000,-1.404396e-02,2.55541000e-03
3.659000,-1.398781e-02,2.54142000e-03
3.660000,-1.393809e-02,2.52748000e-03
3.661000,-1.389172e-02,2.51359000e-03
3.662000,-1.384370e-02,2.49974600e-03
3.663000,-1.378855e-02,2.48595700e-03
3.664000,-1.373197e-02,2.47222500e-03
3.665000,-1.367613e-02,2.45854900e-03
3.666000,-1.362697e-02,2.44492200e-03
3.667000,-1.357430e-02,2.43134800e-03
3.668000,-1.351969e-02,2.41782800e-03
3.669000,-1.346774e-02,2.40436100e-03
3.670000,-1.341629e-02,2.39094400e-03
3.671000,-1.336291e-02,2.37758100e-03
3.672000,-1.330450e-02,2.36427700e-03
3.673000,-1.324214e-02,2.35103500e-03
3.674000,-1.318427e-02,2.33785100e-03
3.675000,-1.313222e-02,2.32471800e-03
3.676000,-1.307950e-02,2.31163900e-03
3.677000,-1.302390e-02,2.29861500e-03
3.678000,-1.296028e-02,2.28565500e-03
3.679000,-1.289525e-02,2.27275900e-03
3.680000,-1.283753e-02,2.25992200e-03
3.681000,-1.278550e-02,2.24713600e-03
3.682000,-1.273729e-02,2.23439900e-03
3.683000,-1.268338e-02,2.22171600e-03
3.684000,-1.262298e-02,2.20909300e-03
3.685000,-1.257100e-02,2.19652200e-03
3.686000,-1.251746e-02,2.18400400e-03
3.687000,-1.245884e-02,2.17154500e-03
3.688000,-1.239581e-02,2.15915000e-03
3.689000,-1.233455e-02,2.14681500e-03
3.690000,-1.228283e-02,2.13453200e-03
3.691000,-1.223319e-02,2.12229900e-03
3.692000,-1.218218e-02,2.11011700e-03
3.693000,-1.212852e-02,2.09798800e-03
3.694000,-1.207346e-02,2.08591500e-03
3.695000,-1.202285e-02,2.07389200e-03
3.696000,-1.197492e-02,2.06191700e-03
3.697000,-1.192901e-02,2.04998800e-03
3.698000,-1.188513e-02,2.03810300e-03
3.699000,-1.184025e-02,2.02626300e-03
3.700000,-1.179264e-02,2.01447000e-03
3.701000,-1.173955e-02,2.00273100e-03
3.702000,-1.168657e-02,1.99104400e-03
3.703000,-1.163994e-02,1.97940400e-03
3.704000,-1.159500e-02,1.96780900e-03
3.705000,-1.155071e-02,1.95625800e-03
3.706000,-1.150519e-02,1.94475300e-03
3.707000,-1.145533e-02,1.93329800e-03
3.708000,-1.140378e-02,1.92189400e-03
3.709000,-1.135047e-02,1.91054400e-03
3.710000,-1.130012e-02,1.89924300e-03
3.711000,-1.125261e-02,1.88799100e-03
3.712000,-1.120357e-02,1.87678700e-03
3.713000,-1.115318e-02,1.86563400e-03
3.714000,-1.110656e-02,1.85452700e-03
3.715000,-1.105992e-02,1.84346800e-03
3.716000,-1.100815e-02,1.83245900e-03
3.717000,-1.095314e-02,1.82150600e-03
3.718000,-1.089402e-02,1.81061200e-03
3.719000,-1.083985e-02,1.79977200e-03
3.720000,-1.078681e-02,1.78898600e-03
3.721000,-1.073540e-02,1.77825000e-03
3.722000,-1.068406e-02,1.76756600e-03
3.723000,-1.063399e-02,1.75693200e-03
3.724000,-1.058615e-02,1.74634600e-03
3.725000,-1.053282e-02,1.73581300e-03
3.726000,-1.047652e-02,1.72533700e-03
3.727000,-1.042296e-02,1.71491400e-03
3.728000,-1.037303e-02,1.70454100e-03
3.729000,-1.032727e-02,1.69421300e-03
3.730000,-1.028343e-02,1.68393000e-03
3.731000,-1.024037e-02,1.67369000e-03
3.732000,-1.019509e-02,1.66349400e-03
3.733000,-1.015318e-02,1.65334100e-03
3.734000,-1.011170e-02,1.64323000e-03
3.735000,-1.006164e-02,1.63316800e-03
3.736000,-1.000916e-02,1.62315900e-03
3.737000,-9.960785e-03,1.61319800e-03
3.738000,-9.912138e-03,1.60328600e-03
3.739000,-9.859865e-03,1.59342600e-03
3.740000,-9.810152e-03,1.58361600e-03
3.741000,-9.762902e-03,1.57385300e-03
3.742000,-9.718280e-03,1.56413500e-03
3.743000,-9.673590e-03,1.55446100e-03
3.744000,-9.628812e-03,1.54483200e-03
3.745000,-9.580373e-03,1.53525200e-03
3.746000,-9.535074e-03,1.52571700e-03
3.747000,-9.493025e-03,1.51622400e-03
3.748000,-9.449769e-03,1.50677400e-03
3.749000,-9.408070e-03,1.49736600e-03
3.750000,-9.369746e-03,1.48799600e-03
3.751000,-9.329929e-03,1.47866600e-03
3.752000,-9.291015e-03,1.46937500e-03
3.753000,-9.249172e-03,1.46012600e-03
3.754000,-9.201558e-03,1.45092500e-03
3.755000,-9.155956e-03,1.44176900e-03
3.756000,-9.116601e-03,1.43265200e-03
3.757000,-9.075951e-03,1.42357600e-03
3.758000,-9.033574e-03,1.41454200e-03
3.759000,-8.991604e-03,1.40555100e-03
3.760000,-8.948918e-03,1.39660200e-03
3.761000,-8.900542e-03,1.38770100e-03
3.762000,-8.850861e-03,1.37885100e-03
3.763000,-8.804706e-03,1.37004600e-03
3.764000,-8.758891e-03,1.36128700e-03
3.765000,-8.711809e-03,1.35257500e-03
3.766000,-8.667455e-03,1.34390800e-03
3.767000,-8.623995e-03,1.33528400e-03
3.768000,-8.580172e-03,1.32670400e-03
3.769000,-8.534876e-03,1.31816900e-03
3.770000,-8.490475e-03,1.30967800e-03
3.771000,-8.449280e-03,1.30122900e-03
3.772000,-8.407137e-03,1.29282200e-03
3.773000,-8.365184e-03,1.28445700e-03
3.774000,-8.318105e-03,1.27613800e-03
3.775000,-8.266616e-03,1.26787200e-03
3.776000,-8.212928e-03,1.25965900e-03
3.777000,-8.163914e-03,1.25149500e-03
3.778000,-8.117112e-03,1.24337800e-03
3.779000,-8.072421e-03,1.23530500e-03
3.780000,-8.030817e-03,1.22727500e-03
3.781000,-7.989326e-03,1.21928500e-03
3.782000,-7.945515e-03,1.21134000e-03
3.783000,-7.903293e-03,1.20343700e-03
3.784000,-7.859485e-03,1.19557700e-03
3.785000,-7.814283e-03,1.18776300e-03
3.786000,-7.768539e-03,1.17999400e-03
3.787000,-7.720243e-03,1.17227400e-03
3.788000,-7.676864e-03,1.16459700e-03
3.789000,-7.634991e-03,1.15696200e-03
3.790000,-7.593432e-03,1.14936900e-03
3.791000,-7.554544e-03,1.14181400e-03
3.792000,-7.521647e-03,1.13429200e-03
3.793000,-7.488262e-03,1.12680400e-03
3.794000,-7.447392e-03,1.11935700e-03
3.795000,-7.404435e-03,1.11195200e-03
3.796000,-7.370464e-03,1.10458200e-03
3.797000,-7.342219e-03,1.09724000e-03
3.798000,-7.309264e-03,1.08993000e-03
3.799000,-7.268151e-03,1.08266200e-03
3.800000,-7.225847e-03,1.07543600e-03
3.801000,-7.185890e-03,1.06825100e-03
3.802000,-7.142469e-03,1.06110800e-03
3.803000,-7.096977e-03,1.05401100e-03
3.804000,-7.049888e-03,1.04696100e-03
3.805000,-7.008407e-03,1.03995300e-03
3.806000,-6.970064e-03,1.03298300e-03
3.807000,-6.933980e-03,1.02604900e-03
3.808000,-6.896328e-03,1.01915200e-03
3.809000,-6.857982e-03,1.01229400e-03
3.810000,-6.822713e-03,1.00547200e-03
3.811000,-6.789172e-03,9.98683000e-04
3.812000,-6.753231e-03,9.91929000e-04
3.813000,-6.713124e-03,9.85216000e-04
3.814000,-6.673571e-03,9.78543000e-04
3.815000,-6.640683e-03,9.71902000e-04
3.816000,-6.609685e-03,9.65292000e-04
3.817000,-6.575651e-03,9.58717000e-04
3.818000,-6.543266e-03,9.52173000e-04
3.819000,-6.513471e-03,9.45660000e-04
3.820000,-6.486642e-03,9.39173000e-04
3.821000,-6.458060e-03,9.32715000e-04
3.822000,-6.429223e-03,9.26286000e-04
3.823000,-6.401009e-03,9.19885000e-04
3.824000,-6.369193e-03,9.13516000e-04
3.825000,-6.334868e-03,9.07181000e-04
3.826000,-6.299608e-03,9.00881000e-04
3.827000,-6.264802e-03,8.94616000e-04
3.828000,-6.231977e-03,8.88385000e-04
3.829000,-6.200988e-03,8.82184000e-04
3.830000,-6.167689e-03,8.76016000e-04
3.831000,-6.137617e-03,8.69878000e-04
3.832000,-6.107005e-03,8.63771000e-04
3.833000,-6.074631e-03,8.57697000e-04
3.834000,-6.043021e-03,8.51654000e-04
3.835000,-6.011391e-03,8.45642000e-04
3.836000,-5.976404e-03,8.39666000e-04
3.837000,-5.942215e-03,8.33724000e-04
3.838000,-5.907779e-03,8.27816000e-04
3.839000,-5.873916e-03,8.21942000e-04
3.840000,-5.840005e-03,8.16102000e-04
3.841000,-5.804280e-03,8.10298000e-04
3.842000,-5.769276e-03,8.04528000e-04
3.843000,-5.739134e-03,7.98789000e-04
3.844000,-5.710595e-03,7.93079000e-04
3.845000,-5.682681e-03,7.87396000e-04
3.846000,-5.655001e-03,7.81741000e-04
3.847000,-5.626532e-03,7.76114000e-04
3.848000,-5.598112e-03,7.70516000e-04
3.849000,-5.568988e-03,7.64947000e-04
3.850000,-5.540619e-03,7.59407000e-04
3.851000,-5.515580e-03,7.53891000e-04
3.852000,-5.490169e-03,7.48401000e-04
3.853000,-5.463605e-03,7.42937000e-04
3.854000,-5.433021e-03,7.37504000e-04
3.855000,-5.398034e-03,7.32106000e-04
3.856000,-5.365148e-03,7.26741000e-04
3.857000,-5.332031e-03,7.21409000e-04
3.858000,-5.293426e-03,7.16116000e-04
3.859000,-5.256059e-03,7.10860000e-04
3.860000,-5.222808e-03,7.05637000e-04
3.861000,-5.190184e-03,7.00447000e-04
3.862000,-5.156866e-03,6.95290000e-04
3.863000,-5.126971e-03,6.90163000e-04
3.864000,-5.099130e-03,6.85064000e-04
3.865000,-5.072990e-03,6.79991000e-04
3.866000,-5.047614e-03,6.74943000e-04
3.867000,-5.023211e-03,6.69920000e-04
3.868000,-4.998553e-03,6.64921000e-04
3.869000,-4.970642e-03,6.59951000e-04
3.870000,-4.945040e-03,6.55006000e-04
3.871000,-4.920459e-03,6.50085000e-04
3.872000,-4.896614e-03,6.45188000e-04
3.873000,-4.869841e-03,6.40319000e-04
3.874000,-4.842453e-03,6.35476000e-04
3.875000,-4.815751e-03,6.30660000e-04
3.876000,-4.787744e-03,6.25873000e-04
3.877000,-4.760225e-03,6.21112000e-04
3.878000,-4.735986e-03,6.16376000e-04
3.879000,-4.713124e-03,6.11663000e-04
3.880000,-4.689623e-03,6.06974000e-04
3.881000,-4.666021e-03,6.02308000e-04
3.882000,-4.642770e-03,5.97665000e-04
3.883000,-4.621416e-03,5.93044000e-04
3.884000,-4.603803e-03,5.88440000e-04
3.885000,-4.588042e-03,5.83852000e-04
3.886000,-4.572480e-03,5.79279000e-04
3.887000,-4.556202e-03,5.74723000e-04
3.888000,-4.540758e-03,5.70182000e-04
3.889000,-4.525101e-03,5.65657000e-04
3.890000,-4.509379e-03,5.61148000e-04
3.891000,-4.495458e-03,5.56652000e-04
3.892000,-4.483921e-03,5.52168000e-04
3.893000,-4.472488e-03,5.47696000e-04
3.894000,-4.459565e-03,5.43236000e-04
3.895000,-4.442859e-03,5.38793000e-04
3.896000,-4.422132e-03,5.34371000e-04
3.897000,-4.397548e-03,5.29974000e-04
3.898000,-4.374502e-03,5.25599000e-04
3.899000,-4.350486e-03,5.21249000e-04
3.900000,-4.322418e-03,5.16926000e-04
3.901000,-4.293400e-03,5.12633000e-04
3.902000,-4.265112e-03,5.08368000e-04
3.903000,-4.239587e-03,5.04128000e-04
3.904000,-4.211758e-03,4.99917000e-04
3.905000,-4.179691e-03,4.95737000e-04
3.906000,-4.150015e-03,4.91587000e-04
3.907000,-4.120133e-03,4.87467000e-04
3.908000,-4.089925e-03,4.83377000e-04
3.909000,-4.062819e-03,4.79314000e-04
3.910000,-4.035957e-03,4.75278000e-04
3.911000,-4.009818e-03,4.71268000e-04
3.912000,-3.983066e-03,4.67285000e-04
3.913000,-3.955057e-03,4.63330000e-04
3.914000,-3.927414e-03,4.59403000e-04
3.915000,-3.902639e-03,4.55500000e-04
3.916000,-3.880473e-03,4.51620000e-04
3.917000,-3.858856e-03,4.47761000e-04
3.918000,-3.835388e-03,4.43925000e-04
3.919000,-3.805670e-03,4.40120000e-04
3.920000,-3.772374e-03,4.36347000e-04
3.921000,-3.741958e-03,4.32605000e-04
3.922000,-3.713912e-03,4.28891000e-04
3.923000,-3.687092e-03,4.25204000e-04
3.924000,-3.658829e-03,4.21545000e-04
3.925000,-3.630400e-03,4.17915000e-04
3.926000,-3.602838e-03,4.14312000e-04
3.927000,-3.574955e-03,4.10737000e-04
3.928000,-3.548395e-03,4.07189000e-04
3.929000,-3.523486e-03,4.03665000e-04
3.930000,-3.498246e-03,4.00167000e-04
3.931000,-3.472189e-03,3.96695000e-04
3.932000,-3.448120e-03,3.93247000e-04
3.933000,-3.425387e-03,3.89821000e-04
3.934000,-3.401754e-03,3.86420000e-04
3.935000,-3.375439e-03,3.83044000e-04
3.936000,-3.346449e-03,3.79698000e-04
3.937000,-3.317211e-03,3.76381000e-04
3.938000,-3.290571e-03,3.73090000e-04
3.939000,-3.264343e-03,3.69826000e-04
3.940000,-3.235924e-03,3.66590000e-04
3.941000,-3.204040e-03,3.63386000e-04
3.942000,-3.171509e-03,3.60214000e-04
3.943000,-3.139101e-03,3.57075000e-04
3.944000,-3.107173e-03,3.53968000e-04
3.945000,-3.073559e-03,3.50894000e-04
3.946000,-3.040052e-03,3.47854000e-04
3.947000,-3.005680e-03,3.44849000e-04
3.948000,-2.969793e-03,3.41879000e-04
3.949000,-2.936015e-03,3.38943000e-04
3.950000,-2.903856e-03,3.36039000e-04
3.951000,-2.871311e-03,3.33168000e-04
3.952000,-2.836395e-03,3.30331000e-04
3.953000,-2.802239e-03,3.27529000e-04
3.954000,-2.770914e-03,3.24758000e-04
3.955000,-2.741356e-03,3.22017000e-04
3.956000,-2.711880e-03,3.19305000e-04
3.957000,-2.681272e-03,3.16624000e-04
3.958000,-2.649650e-03,3.13974000e-04
3.959000,-2.620104e-03,3.11354000e-04
3.960000,-2.590328e-03,3.08764000e-04
3.961000,-2.556348e-03,3.06207000e-04
3.962000,-2.520716e-03,3.03686000e-04
3.963000,-2.486865e-03,3.01200000e-04
3.964000,-2.454189e-03,2.98745000e-04
3.965000,-2.419275e-03,2.96326000e-04
3.966000,-2.380329e-03,2.93946000e-04
3.967000,-2.342181e-03,2.91604000e-04
3.968000,-2.305403e-03,2.89298000e-04
3.969000,-2.271031e-03,2.87027000e-04
3.970000,-2.236368e-03,2.84791000e-04
3.971000,-2.200220e-03,2.82591000e-04
3.972000,-2.166100e-03,2.80424000e-04
3.973000,-2.134585e-03,2.78290000e-04
3.974000,-2.103451e-03,2.76186000e-04
3.975000,-2.070630e-03,2.74116000e-04
3.976000,-2.039376e-03,2.72076000e-04
3.977000,-2.009848e-03,2.70067000e-04
3.978000,-1.981364e-03,2.68085000e-04
3.979000,-1.953396e-03,2.66132000e-04
3.980000,-1.925961e-03,2.64206000e-04
3.981000,-1.898514e-03,2.62307000e-04
3.982000,-1.869717e-03,2.60438000e-04
3.983000,-1.841308e-03,2.58596000e-04
3.984000,-1.814439e-03,2.56782000e-04
3.985000,-1.788817e-03,2.54993000e-04
3.986000,-1.763789e-03,2.53229000e-04
3.987000,-1.739189e-03,2.51490000e-04
3.988000,-1.715139e-03,2.49775000e-04
3.989000,-1.691580e-03,2.48083000e-04
3.990000,-1.668797e-03,2.46415000e-04
3.991000,-1.646569e-03,2.44768000e-04
3.992000,-1.624124e-03,2.43144000e-04
3.993000,-1.601872e-03,2.41542000e-04
3.994000,-1.580015e-03,2.39962000e-04
3.995000,-1.558309e-03,2.38404000e-04
3.996000,-1.536855e-03,2.36867000e-04
3.997000,-1.515981e-03,2.35351000e-04
3.998000,-1.495576e-03,2.33855000e-04
3.999000,-1.475312e-03,2.32380000e-04
4.000000,-1.455193e-03,2.30925000e-04
4.001000,-1.435898e-03,2.29489000e-04
4.002000,-1.417219e-03,2.28072000e-04
4.003000,-1.399037e-03,2.26673000e-04
4.004000,-1.380779e-03,2.25292000e-04
4.005000,-1.361686e-03,2.23930000e-04
4.006000,-1.342477e-03,2.22588000e-04
4.007000,-1.324271e-03,2.21263000e-04
4.008000,-1.306922e-03,2.19956000e-04
4.009000,-1.289548e-03,2.18667000e-04
4.010000,-1.271670e-03,2.17395000e-04
4.011000,-1.254430e-03,2.16141000e-04
4.012000,-1.237083e-03,2.14904000e-04
4.013000,-1.218381e-03,2.13685000e-04
4.014000,-1.199931e-03,2.12485000e-04
4.015000,-1.181931e-03,2.11304000e-04
4.016000,-1.164236e-03,2.10139000e-04
4.017000,-1.146683e-03,2.08993000e-04
4.018000,-1.129398e-03,2.07863000e-04
4.019000,-1.112515e-03,2.06751000e-04
4.020000,-1.096095e-03,2.05655000e-04
4.021000,-1.079724e-03,2.04575000e-04
4.022000,-1.063068e-03,2.03512000e-04
4.023000,-1.046819e-03,2.02465000e-04
4.024000,-1.030952e-03,2.01434000e-04
4.025000,-1.015432e-03,2.00419000e-04
4.026000,-1.000187e-03,1.99418000e-04
4.027000,-9.843499e-04,1.98434000e-04
4.028000,-9.673510e-04,1.97467000e-04
4.029000,-9.510634e-04,1.96516000e-04
4.030000,-9.355250e-04,1.95580000e-04
4.031000,-9.201651e-04,1.94660000e-04
4.032000,-9.045611e-04,1.93755000e-04
4.033000,-8.890773e-04,1.92866000e-04
4.034000,-8.742807e-04,1.91992000e-04
4.035000,-8.601651e-04,1.91132000e-04
4.036000,-8.464296e-04,1.90285000e-04
4.037000,-8.323987e-04,1.89453000e-04
4.038000,-8.178576e-04,1.88635000e-04
4.039000,-8.034881e-04,1.87832000e-04
4.040000,-7.885922e-04,1.87043000e-04
4.041000,-7.740775e-04,1.86269000e-04
4.042000,-7.597572e-04,1.85509000e-04
4.043000,-7.456731e-04,1.84764000e-04
4.044000,-7.315667e-04,1.84032000e-04
4.045000,-7.174423e-04,1.83315000e-04
4.046000,-7.038863e-04,1.82611000e-04
4.047000,-6.908483e-04,1.81920000e-04
4.048000,-6.780350e-04,1.81242000e-04
4.049000,-6.656080e-04,1.80576000e-04
4.050000,-6.536102e-04,1.79923000e-04
4.051000,-6.419160e-04,1.79281000e-04
4.052000,-6.303873e-04,1.78650000e-04
4.053000,-6.193279e-04,1.78031000e-04
4.054000,-6.087308e-04,1.77422000e-04
4.055000,-5.984798e-04,1.76824000e-04
4.056000,-5.884643e-04,1.76235000e-04
4.057000,-5.783559e-04,1.75657000e-04
4.058000,-5.679858e-04,1.75089000e-04
4.059000,-5.582088e-04,1.74531000e-04
4.060000,-5.489749e-04,1.73982000e-04
4.061000,-5.400016e-04,1.73442000e-04
4.062000,-5.309168e-04,1.72911000e-04
4.063000,-5.217026e-04,1.72389000e-04
4.064000,-5.128332e-04,1.71876000e-04
4.065000,-5.042478e-04,1.71372000e-04
4.066000,-4.958052e-04,1.70876000e-04
4.067000,-4.872194e-04,1.70389000e-04
4.068000,-4.789790e-04,1.69910000e-04
4.069000,-4.711310e-04,1.69439000e-04
4.070000,-4.635860e-04,1.68975000e-04
4.071000,-4.561838e-04,1.68519000e-04
4.072000,-4.489300e-04,1.68070000e-04
4.073000,-4.418436e-04,1.67628000e-04
4.074000,-4.346333e-04,1.67194000e-04
4.075000,-4.272630e-04,1.66766000e-04
4.076000,-4.204713e-04,1.66346000e-04
4.077000,-4.141707e-04,1.65932000e-04
4.078000,-4.080292e-04,1.65524000e-04
4.079000,-4.018931e-04,1.65122000e-04
4.080000,-3.958450e-04,1.64726000e-04
4.081000,-3.899998e-04,1.64336000e-04
4.082000,-3.843506e-04,1.63952000e-04
4.083000,-3.788153e-04,1.63573000e-04
4.084000,-3.733453e-04,1.63200000e-04
4.085000,-3.679541e-04,1.62832000e-04
4.086000,-3.626768e-04,1.62469000e-04
4.087000,-3.575125e-04,1.62111000e-04
4.088000,-3.524098e-04,1.61759000e-04
4.089000,-3.473512e-04,1.61412000e-04
4.090000,-3.423655e-04,1.61069000e-04
4.091000,-3.374806e-04,1.60732000e-04
4.092000,-3.326701e-04,1.60399000e-04
4.093000,-3.279449e-04,1.60071000e-04
4.094000,-3.232961e-04,1.59748000e-04
4.095000,-3.187177e-04,1.59429000e-04
4.096000,-3.142101e-04,1.59115000e-04
4.097000,-3.095565e-04,1.58805000e-04
4.098000,-3.045056e-04,1.58501000e-04
4.099000,-2.993906e-04,1.58202000e-04
4.100000,-2.942871e-04,1.57907000e-04
4.101000,-2.892188e-04,1.57618000e-04
4.102000,-2.841704e-04,1.57334000e-04
4.103000,-2.791359e-04,1.57055000e-04
4.104000,-2.741549e-04,1.56781000e-04
4.105000,-2.693074e-04,1.56511000e-04
4.106000,-2.645835e-04,1.56247000e-04
4.107000,-2.599656e-04,1.55987000e-04
4.108000,-2.554410e-04,1.55731000e-04
4.109000,-2.510333e-04,1.55480000e-04
4.110000,-2.467507e-04,1.55233000e-04
4.111000,-2.425863e-04,1.54991000e-04
4.112000,-2.385261e-04,1.54752000e-04
4.113000,-2.345475e-04,1.54518000e-04
4.114000,-2.306430e-04,1.54287000e-04
4.115000,-2.268399e-04,1.54060000e-04
4.116000,-2.231252e-04,1.53837000e-04
4.117000,-2.195177e-04,1.53618000e-04
4.118000,-2.159402e-04,1.53402000e-04
4.119000,-2.122941e-04,1.53189000e-04
4.120000,-2.087275e-04,1.52981000e-04
4.121000,-2.054000e-04,1.52775000e-04
4.122000,-2.022195e-04,1.52573000e-04
4.123000,-1.990739e-04,1.52374000e-04
4.124000,-1.959493e-04,1.52178000e-04
4.125000,-1.928958e-04,1.51985000e-04
4.126000,-1.899390e-04,1.51795000e-04
4.127000,-1.870544e-04,1.51608000e-04
4.128000,-1.841990e-04,1.51424000e-04
4.129000,-1.813680e-04,1.51243000e-04
4.130000,-1.786028e-04,1.51064000e-04
4.131000,-1.759015e-04,1.50888000e-04
4.132000,-1.732389e-04,1.50715000e-04
4.133000,-1.706279e-04,1.50544000e-04
4.134000,-1.680670e-04,1.50376000e-04
4.135000,-1.655524e-04,1.50211000e-04
4.136000,-1.630802e-04,1.50048000e-04
4.137000,-1.606578e-04,1.49887000e-04
4.138000,-1.582896e-04,1.49729000e-04
4.139000,-1.559456e-04,1.49573000e-04
4.140000,-1.536236e-04,1.49419000e-04
4.141000,-1.513462e-04,1.49268000e-04
4.142000,-1.491126e-04,1.49119000e-04
4.143000,-1.469156e-04,1.48972000e-04
4.144000,-1.447478e-04,1.48827000e-04
4.145000,-1.426113e-04,1.48684000e-04
4.146000,-1.405099e-04,1.48544000e-04
4.147000,-1.384441e-04,1.48405000e-04
4.148000,-1.364117e-04,1.48269000e-04
4.149000,-1.344105e-04,1.48135000e-04
4.150000,-1.324402e-04,1.48002000e-04
4.151000,-1.305015e-04,1.47872000e-04
4.152000,-1.285943e-04,1.47743000e-04
4.153000,-1.267176e-04,1.47616000e-04
4.154000,-1.248706e-04,1.47491000e-04
4.155000,-1.230563e-04,1.47368000e-04
4.156000,-1.212665e-04,1.47247000e-04
4.157000,-1.194914e-04,1.47128000e-04
4.158000,-1.177577e-04,1.47010000e-04
4.159000,-1.160559e-04,1.46894000e-04
4.160000,-1.143820e-04,1.46779000e-04
4.161000,-1.127320e-04,1.46667000e-04
4.162000,-1.111024e-04,1.46556000e-04
4.163000,-1.094882e-04,1.46446000e-04
4.164000,-1.079153e-04,1.46338000e-04
4.165000,-1.063698e-04,1.46232000e-04
4.166000,-1.048467e-04,1.46127000e-04
4.167000,-1.033416e-04,1.46024000e-04
4.168000,-1.018613e-04,1.45922000e-04
4.169000,-1.004073e-04,1.45821000e-04
4.170000,-9.897828e-05,1.45722000e-04
4.171000,-9.757063e-05,1.45625000e-04
4.172000,-9.618342e-05,1.45529000e-04
4.173000,-9.481663e-05,1.45434000e-04
4.174000,-9.347153e-05,1.45340000e-04
4.175000,-9.214859e-05,1.45248000e-04
4.176000,-9.084708e-05,1.45157000e-04
4.177000,-8.956571e-05,1.45068000e-04
4.178000,-8.830387e-05,1.44979000e-04
4.179000,-8.706151e-05,1.44892000e-04
4.180000,-8.583863e-05,1.44807000e-04
4.181000,-8.463485e-05,1.44722000e-04
4.182000,-8.344965e-05,1.44638000e-04
4.183000,-8.228264e-05,1.44556000e-04
4.184000,-8.113357e-05,1.44475000e-04
4.185000,-8.000224e-05,1.44395000e-04
4.186000,-7.888834e-05,1.44316000e-04
4.187000,-7.779156e-05,1.44238000e-04
4.188000,-7.671158e-05,1.44162000e-04
4.189000,-7.564814e-05,1.44086000e-04
4.190000,-7.460099e-05,1.44011000e-04
4.191000,-7.356988e-05,1.43938000e-04
4.192000,-7.255453e-05,1.43865000e-04
4.193000,-7.155469e-05,1.43794000e-04
4.194000,-7.057010e-05,1.43723000e-04
4.195000,-6.960052e-05,1.43654000e-04
4.196000,-6.864573e-05,1.43585000e-04
4.197000,-6.770548e-05,1.43517000e-04
4.198000,-6.677953e-05,1.43450000e-04
4.199000,-6.586765e-05,1.43385000e-04
4.200000,-6.496963e-05,1.43320000e-04
4.201000,-6.408525e-05,1.43256000e-04
4.202000,-6.321428e-05,1.43192000e-04
4.203000,-6.235652e-05,1.43130000e-04
4.204000,-6.151175e-05,1.43068000e-04
4.205000,-6.067977e-05,1.43008000e-04
4.206000,-5.986037e-05,1.42948000e-04
4.207000,-5.904854e-05,1.42889000e-04
4.208000,-5.824402e-05,1.42831000e-04
4.209000,-5.745717e-05,1.42773000e-04
4.210000,-5.668232e-05,1.42716000e-04
4.211000,-5.592678e-05,1.42661000e-04
4.212000,-5.518318e-05,1.42605000e-04
4.213000,-5.444745e-05,1.42551000e-04
4.214000,-5.372012e-05,1.42497000e-04
4.215000,-5.300512e-05,1.42444000e-04
4.216000,-5.230283e-05,1.42392000e-04
4.217000,-5.161155e-05,1.42340000e-04
4.218000,-5.092969e-05,1.42289000e-04
4.219000,-5.025445e-05,1.42239000e-04
4.220000,-4.958516e-05,1.42189000e-04
4.221000,-4.892984e-05,1.42141000e-04
4.222000,-4.828770e-05,1.42092000e-04
4.223000,-4.765592e-05,1.42045000e-04
4.224000,-4.703244e-05,1.41998000e-04
4.225000,-4.641782e-05,1.41951000e-04
4.226000,-4.581305e-05,1.41905000e-04
4.227000,-4.521815e-05,1.41860000e-04
4.228000,-4.463225e-05,1.41815000e-04
4.229000,-4.405478e-05,1.41771000e-04
4.230000,-4.348345e-05,1.41728000e-04
4.231000,-4.291741e-05,1.41685000e-04
4.232000,-4.236289e-05,1.41643000e-04
4.233000,-4.181952e-05,1.41601000e-04
4.234000,-4.128452e-05,1.41560000e-04
4.235000,-4.075632e-05,1.41519000e-04
4.236000,-4.023553e-05,1.41479000e-04
4.237000,-3.972306e-05,1.41439000e-04
4.238000,-3.921889e-05,1.41400000e-04
4.239000,-3.872228e-05,1.41361000e-04
4.240000,-3.823273e-05,1.41323000e-04
4.241000,-3.775026e-05,1.41285000e-04
4.242000,-3.727503e-05,1.41248000e-04
4.243000,-3.680698e-05,1.41211000e-04
4.244000,-3.634586e-05,1.41175000e-04
4.245000,-3.589147e-05,1.41139000e-04
4.246000,-3.544371e-05,1.41103000e-04
4.247000,-3.500256e-05,1.41068000e-04
4.248000,-3.456792e-05,1.41034000e-04
4.249000,-3.413969e-05,1.40999000e-04
4.250000,-3.371771e-05,1.40966000e-04
4.251000,-3.330192e-05,1.40932000e-04
4.252000,-3.289222e-05,1.40900000e-04
4.253000,-3.248853e-05,1.40867000e-04
4.254000,-3.209076e-05,1.40835000e-04
4.255000,-3.169880e-05,1.40803000e-04
4.256000,-3.131257e-05,1.40772000e-04
4.257000,-3.093199e-05,1.40741000e-04
4.258000,-3.055697e-05,1.40710000e-04
4.259000,-3.018743e-05,1.40680000e-04
4.260000,-2.982328e-05,1.40650000e-04
4.261000,-2.946443e-05,1.40621000e-04
4.262000,-2.911082e-05,1.40592000e-04
4.263000,-2.876236e-05,1.40563000e-04
4.264000,-2.841898e-05,1.40535000e-04
4.265000,-2.808059e-05,1.40507000e-04
4.266000,-2.774712e-05,1.40479000e-04
4.267000,-2.741850e-05,1.40451000e-04
4.268000,-2.709464e-05,1.40424000e-04
4.269000,-2.677549e-05,1.40398000e-04
4.270000,-2.646097e-05,1.40371000e-04
4.271000,-2.615100e-05,1.40345000e-04
4.272000,-2.584553e-05,1.40319000e-04
4.273000,-2.554447e-05,1.40294000e-04
4.274000,-2.524777e-05,1.40268000e-04
4.275000,-2.495536e-05,1.40243000e-04
4.276000,-2.466717e-05,1.40219000e-04
4.277000,-2.438315e-05,1.40194000e-04
4.278000,-2.410321e-05,1.40170000e-04
4.279000,-2.382732e-05,1.40146000e-04
4.280000,-2.355539e-05,1.40123000e-04
4.281000,-2.328738e-05,1.40100000e-04
4.282000,-2.290717e-05,1.40077000e-04
4.283000,-2.236222e-05,1.40054000e-04
4.284000,-2.197511e-05,1.40032000e-04
4.285000,-2.173153e-05,1.40011000e-04
4.286000,-2.149909e-05,1.39989000e-04
4.287000,-2.121696e-05,1.39968000e-04
4.288000,-2.092610e-05,1.39947000e-04
4.289000,-2.067924e-05,1.39926000e-04
4.290000,-2.047555e-05,1.39906000e-04
4.291000,-2.028212e-05,1.39886000e-04
4.292000,-2.007969e-05,1.39865000e-04
4.293000,-1.987565e-05,1.39846000e-04
4.294000,-1.968286e-05,1.39826000e-04
4.295000,-1.950240e-05,1.39806000e-04
4.296000,-1.932615e-05,1.39787000e-04
4.297000,-1.914854e-05,1.39768000e-04
4.298000,-1.897061e-05,1.39749000e-04
4.299000,-1.879560e-05,1.39730000e-04
4.300000,-1.862413e-05,1.39711000e-04
