time,u,gap,f_lub,n_pairs
1.900000,-5.672627e-02,2.02620900e-02,0.000000e+00,0
1.901000,-5.671899e-02,2.02053700e-02,0.000000e+00,0
1.902000,-5.671061e-02,2.01486600e-02,0.000000e+00,0
1.903000,-5.670283e-02,2.00919600e-02,0.000000e+00,0
1.904000,-5.668712e-02,2.00352700e-02,0.000000e+00,0
1.905000,-5.667197e-02,1.99786000e-02,0.000000e+00,0
1.906000,-5.665261e-02,1.99219400e-02,0.000000e+00,0
1.907000,-5.663798e-02,1.98653100e-02,0.000000e+00,0
1.908000,-5.663323e-02,1.98086700e-02,0.000000e+00,0
1.909000,-5.664074e-02,1.97520300e-02,0.000000e+00,0
1.910000,-5.665077e-02,1.96953800e-02,0.000000e+00,0
1.911000,-5.664835e-02,1.96387300e-02,0.000000e+00,0
1.912000,-5.664026e-02,1.95820900e-02,0.000000e+00,0
1.913000,-5.662734e-02,1.95254700e-02,0.000000e+00,0
1.914000,-5.660278e-02,1.94688600e-02,0.000000e+00,0
1.915000,-5.658137e-02,1.94122800e-02,0.000000e+00,0
1.916000,-5.656818e-02,1.93557100e-02,0.000000e+00,0
1.917000,-5.655635e-02,1.92991600e-02,0.000000e+00,0
1.918000,-5.654915e-02,1.92426100e-02,0.000000e+00,0
1.919000,-5.654892e-02,1.91860600e-02,0.000000e+00,0
1.920000,-5.654976e-02,1.91295100e-02,0.000000e+00,0
1.921000,-5.654845e-02,1.90729600e-02,0.000000e+00,0
1.922000,-5.654508e-02,1.90164200e-02,0.000000e+00,0
1.923000,-5.653792e-02,1.89598800e-02,0.000000e+00,0
1.924000,-5.651328e-02,1.89033600e-02,0.000000e+00,0
1.925000,-5.648273e-02,1.88468800e-02,0.000000e+00,0
1.926000,-5.646402e-02,1.87904200e-02,0.000000e+00,0
1.927000,-5.645594e-02,1.87339600e-02,0.000000e+00,0
1.928000,-5.645747e-02,1.86775000e-02,0.000000e+00,0
1.929000,-5.646008e-02,1.86210400e-02,0.000000e+00,0
1.930000,-5.645829e-02,1.85645900e-02,0.000000e+00,0
1.931000,-5.645620e-02,1.85081300e-02,0.000000e+00,0
1.932000,-5.644607e-02,1.84516800e-02,0.000000e+00,0
1.933000,-5.643033e-02,1.83952500e-02,0.000000e+00,0
1.934000,-5.640149e-02,1.83388500e-02,0.000000e+00,0
1.935000,-5.637257e-02,1.82824800e-02,0.000000e+00,0
1.936000,-5.635920e-02,1.82261200e-02,0.000000e+00,0
1.937000,-5.634649e-02,1.81697700e-02,0.000000e+00,0
1.938000,-5.634487e-02,1.81134300e-02,0.000000e+00,0
1.939000,-5.634847e-02,1.80570800e-02,0.000000e+00,0
1.940000,-5.634202e-02,1.80007400e-02,0.000000e+00,0
1.941000,-5.633483e-02,1.79444000e-02,0.000000e+00,0
1.942000,-5.632322e-02,1.78880800e-02,0.000000e+00,0
1.943000,-5.631008e-02,1.78317700e-02,0.000000e+00,0
1.944000,-5.628938e-02,1.77754800e-02,0.000000e+00,0
1.945000,-5.626014e-02,1.77192200e-02,0.000000e+00,0
1.946000,-5.624210e-02,1.76629800e-02,0.000000e+00,0
1.947000,-5.622956e-02,1.76067500e-02,0.000000e+00,0
1.948000,-5.622959e-02,1.75505200e-02,0.000000e+00,0
1.949000,-5.623507e-02,1.74942800e-02,0.000000e+00,0
1.950000,-5.623068e-02,1.74380500e-02,0.000000e+00,0
1.951000,-5.622341e-02,1.73818300e-02,0.000000e+00,0
1.952000,-5.620862e-02,1.73256200e-02,0.000000e+00,0
1.953000,-5.618872e-02,1.72694300e-02,0.000000e+00,0
1.954000,-5.616220e-02,1.72132700e-02,0.000000e+00,0
1.955000,-5.613335e-02,1.71571400e-02,0.000000e+00,0
1.956000,-5.611879e-02,1.71010200e-02,0.000000e+00,0
1.957000,-5.610501e-02,1.70449100e-02,0.000000e+00,0
1.958000,-5.610481e-02,1.69888100e-02,0.000000e+00,0
1.959000,-5.610905e-02,1.69327000e-02,0.000000e+00,0
1.960000,-5.609697e-02,1.68766000e-02,0.000000e+00,0
1.961000,-5.608533e-02,1.68205200e-02,0.000000e+00,0
1.962000,-5.607132e-02,1.67644500e-02,0.000000e+00,0
1.963000,-5.605052e-02,1.67083900e-02,0.000000e+00,0
1.964000,-5.602984e-02,1.66523700e-02,0.000000e+00,0
1.965000,-5.600138e-02,1.65963600e-02,0.000000e+00,0
1.966000,-5.598074e-02,1.65403800e-02,0.000000e+00,0
1.967000,-5.596816e-02,1.64844100e-02,0.000000e+00,0
1.968000,-5.596900e-02,1.64284500e-02,0.000000e+00,0
1.969000,-5.597137e-02,1.63724700e-02,0.000000e+00,0
1.970000,-5.595863e-02,1.63165200e-02,0.000000e+00,0
1.971000,-5.594529e-02,1.62605700e-02,0.000000e+00,0
1.972000,-5.592807e-02,1.62046400e-02,0.000000e+00,0
1.973000,-5.590087e-02,1.61487400e-02,0.000000e+00,0
1.974000,-5.587520e-02,1.60928700e-02,0.000000e+00,0
1.975000,-5.584793e-02,1.60370200e-02,0.000000e+00,0
1.976000,-5.582954e-02,1.59811900e-02,0.000000e+00,0
1.977000,-5.581526e-02,1.59253700e-02,0.000000e+00,0
1.978000,-5.581131e-02,1.58695600e-02,0.000000e+00,0
1.979000,-5.581248e-02,1.58137500e-02,0.000000e+00,0
1.980000,-5.579868e-02,1.57579500e-02,0.000000e+00,0
1.981000,-5.578122e-02,1.57021700e-02,0.000000e+00,0
1.982000,-5.576282e-02,1.56464100e-02,0.000000e+00,0
1.983000,-5.573780e-02,1.55906700e-02,0.000000e+00,0
1.984000,-5.571350e-02,1.55349600e-02,0.000000e+00,0
1.985000,-5.568387e-02,1.54792700e-02,0.000000e+00,0
1.986000,-5.565911e-02,1.54236100e-02,0.000000e+00,0
1.987000,-5.564317e-02,1.53679700e-02,0.000000e+00,0
1.988000,-5.564071e-02,1.53123300e-02,0.000000e+00,0
1.989000,-5.564199e-02,1.52566900e-02,0.000000e+00,0
1.990000,-5.562912e-02,1.52010600e-02,0.000000e+00,0
1.991000,-5.561147e-02,1.51454500e-02,0.000000e+00,0
1.992000,-5.558786e-02,1.50898600e-02,0.000000e+00,0
1.993000,-5.555461e-02,1.50343000e-02,0.000000e+00,0
1.994000,-5.552551e-02,1.49787800e-02,0.000000e+00,0
1.995000,-5.549634e-02,1.49232800e-02,0.000000e+00,0
1.996000,-5.547286e-02,1.48678100e-02,0.000000e+00,0
1.997000,-5.545548e-02,1.48123500e-02,0.000000e+00,0
1.998000,-5.544839e-02,1.47569100e-02,0.000000e+00,0
1.999000,-5.544601e-02,1.47014600e-02,0.000000e+00,0
2.000000,-5.542869e-02,1.46460300e-02,0.000000e+00,0
2.001000,-5.540763e-02,1.45906200e-02,0.000000e+00,0
2.002000,-5.538482e-02,1.45352400e-02,0.000000e+00,0
2.003000,-5.535548e-02,1.44798800e-02,0.000000e+00,0
2.004000,-5.532709e-02,1.44245600e-02,0.000000e+00,0
2.005000,-5.529371e-02,1.43692600e-02,0.000000e+00,0
2.006000,-5.526484e-02,1.43140000e-02,0.000000e+00,0
2.007000,-5.524460e-02,1.42587500e-02,0.000000e+00,0
2.008000,-5.523783e-02,1.42035100e-02,0.000000e+00,0
2.009000,-5.523490e-02,1.41482800e-02,0.000000e+00,0
2.010000,-5.521709e-02,1.40930600e-02,0.000000e+00,0
2.011000,-5.519408e-02,1.40378700e-02,0.000000e+00,0
2.012000,-5.516730e-02,1.39827000e-02,0.000000e+00,0
2.013000,-5.513258e-02,1.39275700e-02,0.000000e+00,0
2.014000,-5.510008e-02,1.38724700e-02,0.000000e+00,0
2.015000,-5.506451e-02,1.38174000e-02,0.000000e+00,0
2.016000,-5.503733e-02,1.37623700e-02,0.000000e+00,0
2.017000,-5.501494e-02,1.37073500e-02,0.000000e+00,0
2.018000,-5.500349e-02,1.36523500e-02,0.000000e+00,0
2.019000,-5.499471e-02,1.35973500e-02,0.000000e+00,0
2.020000,-5.497059e-02,1.35423800e-02,0.000000e+00,0
2.021000,-5.494574e-02,1.34874400e-02,0.000000e+00,0
2.022000,-5.492127e-02,1.34325200e-02,0.000000e+00,0
2.023000,-5.488993e-02,1.33776300e-02,0.000000e+00,0
2.024000,-5.485610e-02,1.33227700e-02,0.000000e+00,0
2.025000,-5.481454e-02,1.32679600e-02,0.000000e+00,0
2.026000,-5.478181e-02,1.32131700e-02,0.000000e+00,0
2.027000,-5.475085e-02,1.31584200e-02,0.000000e+00,0
2.028000,-5.473492e-02,1.31036900e-02,0.000000e+00,0
2.029000,-5.472972e-02,1.30489600e-02,0.000000e+00,0
2.030000,-5.471021e-02,1.29942500e-02,0.000000e+00,0
2.031000,-5.468409e-02,1.29395600e-02,0.000000e+00,0
2.032000,-5.465354e-02,1.28849100e-02,0.000000e+00,0
2.033000,-5.461969e-02,1.28302900e-02,0.000000e+00,0
2.034000,-5.457626e-02,1.27757100e-02,0.000000e+00,0
2.035000,-5.452967e-02,1.27211800e-02,0.000000e+00,0
2.036000,-5.449840e-02,1.26666900e-02,0.000000e+00,0
2.037000,-5.446795e-02,1.26122200e-02,0.000000e+00,0
2.038000,-5.444685e-02,1.25577700e-02,0.000000e+00,0
2.039000,-5.443092e-02,1.25033400e-02,0.000000e+00,0
2.040000,-5.440561e-02,1.24489300e-02,0.000000e+00,0
2.041000,-5.438034e-02,1.23945500e-02,0.000000e+00,0
2.042000,-5.435234e-02,1.23402000e-02,0.000000e+00,0
2.043000,-5.432220e-02,1.22858800e-02,0.000000e+00,0
2.044000,-5.427666e-02,1.22316000e-02,0.000000e+00,0
2.045000,-5.422362e-02,1.21773800e-02,0.000000e+00,0
2.046000,-5.418476e-02,1.21231900e-02,0.000000e+00,0
2.047000,-5.415501e-02,1.20690400e-02,0.000000e+00,0
2.048000,-5.413153e-02,1.20149100e-02,0.000000e+00,0
2.049000,-5.411118e-02,1.19608000e-02,0.000000e+00,0
2.050000,-5.408678e-02,1.19067100e-02,0.000000e+00,0
2.051000,-5.406265e-02,1.18526500e-02,0.000000e+00,0
2.052000,-5.403438e-02,1.17986100e-02,0.000000e+00,0
2.053000,-5.399879e-02,1.17446100e-02,0.000000e+00,0
2.054000,-5.394420e-02,1.16906700e-02,0.000000e+00,0
2.055000,-5.389005e-02,1.16367800e-02,0.000000e+00,0
2.056000,-5.385291e-02,1.15829300e-02,0.000000e+00,0
2.057000,-5.381747e-02,1.15291100e-02,0.000000e+00,0
2.058000,-5.378424e-02,1.14753300e-02,0.000000e+00,0
2.059000,-5.375509e-02,1.14215700e-02,0.000000e+00,0
2.060000,-5.373275e-02,1.13678400e-02,0.000000e+00,0
2.061000,-5.370388e-02,1.13141300e-02,0.000000e+00,0
2.062000,-5.366952e-02,1.12604600e-02,0.000000e+00,0
2.063000,-5.362744e-02,1.12068400e-02,0.000000e+00,0
2.064000,-5.357956e-02,1.11532600e-02,0.000000e+00,0
2.065000,-5.353541e-02,1.10997200e-02,0.000000e+00,0
2.066000,-5.348302e-02,1.10462400e-02,0.000000e+00,0
2.067000,-5.343561e-02,1.09928000e-02,0.000000e+00,0
2.068000,-5.338978e-02,1.09394100e-02,0.000000e+00,0
2.069000,-5.336068e-02,1.08860500e-02,0.000000e+00,0
2.070000,-5.333904e-02,1.08327100e-02,0.000000e+00,0
2.071000,-5.330593e-02,1.07794100e-02,0.000000e+00,0
2.072000,-5.326944e-02,1.07261400e-02,0.000000e+00,0
2.073000,-5.322302e-02,1.06729200e-02,0.000000e+00,0
2.074000,-5.317259e-02,1.06197400e-02,0.000000e+00,0
2.075000,-5.311475e-02,1.05666300e-02,0.000000e+00,0
2.076000,-5.305408e-02,1.05135700e-02,0.000000e+00,0
2.077000,-5.300950e-02,1.04605600e-02,0.000000e+00,0
2.078000,-5.296809e-02,1.04076000e-02,0.000000e+00,0
2.079000,-5.292663e-02,1.03546700e-02,0.000000e+00,0
2.080000,-5.288940e-02,1.03017800e-02,0.000000e+00,0
2.081000,-5.285418e-02,1.02489300e-02,0.000000e+00,0
2.082000,-5.281900e-02,1.01961100e-02,0.000000e+00,0
2.083000,-5.277692e-02,1.01433300e-02,0.000000e+00,0
2.084000,-5.272745e-02,1.00906000e-02,0.000000e+00,0
2.085000,-5.266849e-02,1.00379300e-02,0.000000e+00,0
2.086000,-5.261235e-02,9.98532000e-03,0.000000e+00,0
2.087000,-5.255348e-02,9.93277000e-03,0.000000e+00,0
2.088000,-5.249802e-02,9.88027000e-03,0.000000e+00,0
2.089000,-5.244306e-02,9.82783000e-03,0.000000e+00,0
2.090000,-5.240224e-02,9.77543000e-03,0.000000e+00,0
2.091000,-5.237208e-02,9.72305000e-03,0.000000e+00,0
2.092000,-5.232868e-02,9.67072000e-03,0.000000e+00,0
2.093000,-5.228270e-02,9.61844000e-03,0.000000e+00,0
2.094000,-5.223184e-02,9.56621000e-03,0.000000e+00,0
2.095000,-5.217477e-02,9.51404000e-03,0.000000e+00,0
2.096000,-5.210642e-02,9.46193000e-03,0.000000e+00,0
2.097000,-5.203538e-02,9.40989000e-03,0.000000e+00,0
2.098000,-5.197750e-02,9.35792000e-03,0.000000e+00,0
2.099000,-5.192300e-02,9.30599000e-03,0.000000e+00,0
2.100000,-5.186943e-02,9.25412000e-03,0.000000e+00,0
2.101000,-5.182319e-02,9.20230000e-03,0.000000e+00,0
2.102000,-5.178354e-02,9.15052000e-03,0.000000e+00,0
2.103000,-5.173080e-02,9.09879000e-03,0.000000e+00,0
2.104000,-5.167292e-02,9.04711000e-03,0.000000e+00,0
2.105000,-5.161604e-02,8.99550000e-03,0.000000e+00,0
2.106000,-5.155360e-02,8.94394000e-03,0.000000e+00,0
2.107000,-5.148474e-02,8.89246000e-03,0.000000e+00,0
2.108000,-5.140537e-02,8.84105000e-03,0.000000e+00,0
2.109000,-5.133567e-02,8.78972000e-03,0.000000e+00,0
2.110000,-5.127193e-02,8.73845000e-03,0.000000e+00,0
2.111000,-5.122014e-02,8.68723000e-03,0.000000e+00,0
2.112000,-5.117217e-02,8.63605000e-03,0.000000e+00,0
2.113000,-5.111990e-02,8.58493000e-03,0.000000e+00,0
2.114000,-5.106656e-02,8.53387000e-03,0.000000e+00,0
2.115000,-5.100603e-02,8.48286000e-03,0.000000e+00,0
2.116000,-5.093676e-02,8.43192000e-03,0.000000e+00,0
2.117000,-5.085743e-02,8.38107000e-03,0.000000e+00,0
2.118000,-5.078042e-02,8.33029000e-03,0.000000e+00,0
2.119000,-5.069955e-02,8.27959000e-03,0.000000e+00,0
2.120000,-5.062922e-02,8.22896000e-03,0.000000e+00,0
2.121000,-5.055530e-02,8.17840000e-03,0.000000e+00,0
2.122000,-5.049275e-02,8.12791000e-03,0.000000e+00,0
2.123000,-5.043770e-02,8.07747000e-03,0.000000e+00,0
2.124000,-5.037700e-02,8.02709000e-03,0.000000e+00,0
2.125000,-5.031466e-02,7.97678000e-03,0.000000e+00,0
2.126000,-5.024516e-02,7.92654000e-03,0.000000e+00,0
2.127000,-5.017008e-02,7.87636000e-03,0.000000e+00,0
2.128000,-5.008873e-02,7.82628000e-03,0.000000e+00,0
2.129000,-5.000907e-02,7.77627000e-03,0.000000e+00,0
2.130000,-4.991842e-02,7.72635000e-03,0.000000e+00,0
2.131000,-4.983280e-02,7.67652000e-03,0.000000e+00,0
2.132000,-4.974926e-02,7.62677000e-03,0.000000e+00,0
2.133000,-4.968338e-02,7.57708000e-03,0.000000e+00,0
2.134000,-4.962189e-02,7.52746000e-03,0.000000e+00,0
2.135000,-4.955335e-02,7.47791000e-03,0.000000e+00,0
2.136000,-4.948154e-02,7.42843000e-03,0.000000e+00,0
2.137000,-4.940426e-02,7.37902000e-03,0.000000e+00,0
2.138000,-4.932239e-02,7.32970000e-03,0.000000e+00,0
2.139000,-4.922968e-02,7.28047000e-03,0.000000e+00,0
2.140000,-4.913093e-02,7.23134000e-03,0.000000e+00,0
2.141000,-4.903135e-02,7.18231000e-03,0.000000e+00,0
2.142000,-4.894607e-02,7.13336000e-03,0.000000e+00,0
2.143000,-4.886069e-02,7.08450000e-03,0.000000e+00,0
2.144000,-4.877311e-02,7.03573000e-03,0.000000e+00,0
2.145000,-4.869797e-02,6.98703000e-03,0.000000e+00,0
2.146000,-4.862796e-02,6.93840000e-03,0.000000e+00,0
2.147000,-4.854404e-02,6.88986000e-03,0.000000e+00,0
2.148000,-4.845389e-02,6.84140000e-03,0.000000e+00,0
2.149000,-4.836431e-02,6.79304000e-03,0.000000e+00,0
2.150000,-4.827712e-02,6.74476000e-03,0.000000e+00,0
2.151000,-4.817579e-02,6.69659000e-03,0.000000e+00,0
2.152000,-4.806519e-02,6.64852000e-03,0.000000e+00,0
2.153000,-4.796626e-02,6.60056000e-03,0.000000e+00,0
2.154000,-4.786439e-02,6.55269000e-03,0.000000e+00,0
2.155000,-4.776204e-02,6.50493000e-03,0.000000e+00,0
2.156000,-4.767225e-02,6.45726000e-03,0.000000e+00,0
2.157000,-4.759169e-02,6.40967000e-03,0.000000e+00,0
2.158000,-4.750238e-02,6.36216000e-03,0.000000e+00,0
2.159000,-4.740863e-02,6.31475000e-03,0.000000e+00,0
2.160000,-4.731020e-02,6.26744000e-03,0.000000e+00,0
2.161000,-4.720828e-02,6.22024000e-03,0.000000e+00,0
2.162000,-4.709415e-02,6.17314000e-03,0.000000e+00,0
2.163000,-4.697337e-02,6.12617000e-03,0.000000e+00,0
2.164000,-4.685000e-02,6.07932000e-03,0.000000e+00,0
2.165000,-4.674266e-02,6.03258000e-03,0.000000e+00,0
2.166000,-4.663847e-02,5.98594000e-03,0.000000e+00,0
2.167000,-4.653223e-02,5.93940000e-03,0.000000e+00,0
2.168000,-4.642831e-02,5.89298000e-03,0.000000e+00,0
2.169000,-4.632930e-02,5.84665000e-03,0.000000e+00,0
2.170000,-4.622472e-02,5.80042000e-03,0.000000e+00,0
2.171000,-4.611912e-02,5.75430000e-03,0.000000e+00,0
2.172000,-4.601043e-02,5.70829000e-03,0.000000e+00,0
2.173000,-4.589448e-02,5.66240000e-03,0.000000e+00,0
2.174000,-4.576942e-02,5.61663000e-03,0.000000e+00,0
2.175000,-4.564175e-02,5.57099000e-03,0.000000e+00,0
2.176000,-4.550404e-02,5.52548000e-03,0.000000e+00,0
2.177000,-4.537690e-02,5.48011000e-03,0.000000e+00,0
2.178000,-4.525552e-02,5.43485000e-03,0.000000e+00,0
2.179000,-4.513552e-02,5.38972000e-03,0.000000e+00,0
2.180000,-4.501846e-02,5.34470000e-03,0.000000e+00,0
2.181000,-4.490897e-02,5.29979000e-03,0.000000e+00,0
2.182000,-4.479444e-02,5.25499000e-03,0.000000e+00,0
2.183000,-4.467837e-02,5.21032000e-03,0.000000e+00,0
2.184000,-4.455298e-02,5.16576000e-03,0.000000e+00,0
2.185000,-4.442145e-02,5.12134000e-03,0.000000e+00,0
2.186000,-4.427899e-02,5.07706000e-03,0.000000e+00,0
2.187000,-4.413202e-02,5.03293000e-03,0.000000e+00,0
2.188000,-4.398626e-02,4.98894000e-03,0.000000e+00,0
2.189000,-4.385559e-02,4.94509000e-03,0.000000e+00,0
2.190000,-4.371846e-02,4.90137000e-03,0.000000e+00,0
2.191000,-4.357045e-02,4.85780000e-03,0.000000e+00,0
2.192000,-4.343548e-02,4.81436000e-03,0.000000e+00,0
2.193000,-4.331329e-02,4.77105000e-03,0.000000e+00,0
2.194000,-4.319067e-02,4.72786000e-03,0.000000e+00,0
2.195000,-4.305323e-02,4.68481000e-03,0.000000e+00,0
2.196000,-4.291008e-02,4.64190000e-03,0.000000e+00,0
2.197000,-4.277023e-02,4.59913000e-03,0.000000e+00,0
2.198000,-4.262837e-02,4.55650000e-03,0.000000e+00,0
2.199000,-4.247517e-02,4.51402000e-03,0.000000e+00,0
2.200000,-4.231615e-02,4.47171000e-03,0.000000e+00,0
2.201000,-4.215272e-02,4.42955000e-03,0.000000e+00,0
2.202000,-4.199781e-02,4.38756000e-03,0.000000e+00,0
2.203000,-4.183782e-02,4.34572000e-03,0.000000e+00,0
2.204000,-4.167496e-02,4.30404000e-03,0.000000e+00,0
2.205000,-4.152606e-02,4.26252000e-03,0.000000e+00,0
2.206000,-4.138598e-02,4.22113000e-03,0.000000e+00,0
2.207000,-4.124394e-02,4.17989000e-03,0.000000e+00,0
2.208000,-4.108550e-02,4.13880000e-03,0.000000e+00,0
2.209000,-4.092973e-02,4.09787000e-03,0.000000e+00,0
2.210000,-4.077130e-02,4.05710000e-03,0.000000e+00,0
2.211000,-4.060951e-02,4.01649000e-03,0.000000e+00,0
2.212000,-4.043524e-02,3.97606000e-03,0.000000e+00,0
2.213000,-4.025780e-02,3.93580000e-03,0.000000e+00,0
2.214000,-4.007410e-02,3.89572000e-03,0.000000e+00,0
2.215000,-3.989399e-02,3.85583000e-03,0.000000e+00,0
2.216000,-3.972605e-02,3.81610000e-03,0.000000e+00,0
2.217000,-3.955106e-02,3.77655000e-03,0.000000e+00,0
2.218000,-3.937121e-02,3.73718000e-03,0.000000e+00,0
2.219000,-3.919619e-02,3.69799000e-03,0.000000e+00,0
2.220000,-3.903429e-02,3.65895000e-03,0.000000e+00,0
2.221000,-3.887301e-02,3.62008000e-03,0.000000e+00,0
2.222000,-3.869951e-02,3.58138000e-03,0.000000e+00,0
2.223000,-3.851734e-02,3.54286000e-03,0.000000e+00,0
2.224000,-3.833715e-02,3.50452000e-03,0.000000e+00,0
2.225000,-3.815750e-02,3.46637000e-03,0.000000e+00,0
2.226000,-3.796726e-02,3.42840000e-03,0.000000e+00,0
2.227000,-3.777520e-02,3.39062000e-03,0.000000e+00,0
2.228000,-3.757778e-02,3.35305000e-03,0.000000e+00,0
2.229000,-3.737088e-02,3.31568000e-03,0.000000e+00,0
2.230000,-3.717425e-02,3.27850000e-03,0.000000e+00,0
2.231000,-3.697501e-02,3.24153000e-03,0.000000e+00,0
2.232000,-3.676954e-02,3.20476000e-03,0.000000e+00,0
2.233000,-3.657602e-02,3.16818000e-03,0.000000e+00,0
2.234000,-3.639107e-02,3.13179000e-03,0.000000e+00,0
2.235000,-3.620529e-02,3.09558000e-03,0.000000e+00,0
2.236000,-3.600810e-02,3.05958000e-03,0.000000e+00,0
2.237000,-3.581049e-02,3.02377000e-03,0.000000e+00,0
2.238000,-3.561541e-02,2.98815000e-03,0.000000e+00,0
2.239000,-3.541469e-02,2.95274000e-03,0.000000e+00,0
2.240000,-3.520918e-02,2.91753000e-03,0.000000e+00,0
2.241000,-3.499152e-02,2.88253000e-03,0.000000e+00,0
2.242000,-3.476818e-02,2.84777000e-03,0.000000e+00,0
2.243000,-3.454619e-02,2.81322000e-03,0.000000e+00,0
2.244000,-3.432497e-02,2.77890000e-03,0.000000e+00,0
2.245000,-3.411351e-02,2.74478000e-03,0.000000e+00,0
2.246000,-3.390086e-02,2.71088000e-03,0.000000e+00,0
2.247000,-3.367270e-02,2.67721000e-03,0.000000e+00,0
2.248000,-3.344522e-02,2.64376000e-03,0.000000e+00,0
2.249000,-3.322950e-02,2.61053000e-03,0.000000e+00,0
2.250000,-3.302247e-02,2.57751000e-03,0.000000e+00,0
2.251000,-3.281042e-02,2.54470000e-03,0.000000e+00,0
2.252000,-3.258990e-02,2.51211000e-03,0.000000e+00,0
2.253000,-3.236986e-02,2.47974100e-03,0.000000e+00,0
2.254000,-3.214913e-02,2.44759200e-03,0.000000e+00,0
2.255000,-3.192160e-02,2.41567000e-03,0.000000e+00,0
2.256000,-3.169531e-02,2.38397500e-03,0.000000e+00,0
2.257000,-3.146732e-02,2.35250800e-03,0.000000e+00,0
2.258000,-3.122966e-02,2.32127800e-03,0.000000e+00,0
2.259000,-3.099123e-02,2.29028700e-03,0.000000e+00,0
2.260000,-3.074909e-02,2.25953800e-03,0.000000e+00,0
2.261000,-3.049871e-02,2.22903900e-03,0.000000e+00,0
2.262000,-3.025780e-02,2.19878100e-03,0.000000e+00,0
2.263000,-3.001384e-02,2.16876700e-03,0.000000e+00,0
2.264000,-2.975985e-02,2.13900700e-03,0.000000e+00,0
2.265000,-2.950541e-02,2.10950200e-03,0.000000e+00,0
2.266000,-2.926413e-02,2.08023800e-03,0.000000e+00,0
2.267000,-2.902539e-02,2.05121200e-03,0.000000e+00,0
2.268000,-2.879378e-02,2.02241900e-03,0.000000e+00,0
2.269000,-2.855978e-02,1.99385900e-03,0.000000e+00,0
2.270000,-2.831484e-02,1.96554400e-03,0.000000e+00,0
2.271000,-2.807386e-02,1.93747000e-03,0.000000e+00,0
2.272000,-2.783511e-02,1.90963500e-03,0.000000e+00,0
2.273000,-2.759037e-02,1.88204500e-03,0.000000e+00,0
2.274000,-2.734071e-02,1.85470400e-03,0.000000e+00,0
2.275000,-2.709067e-02,1.82761300e-03,0.000000e+00,0
2.276000,-2.683685e-02,1.80077700e-03,0.000000e+00,0
2.277000,-2.657258e-02,1.77420400e-03,0.000000e+00,0
2.278000,-2.630952e-02,1.74789400e-03,0.000000e+00,0
2.279000,-2.604983e-02,1.72184500e-03,0.000000e+00,0
2.280000,-2.578931e-02,1.69605500e-03,0.000000e+00,0
2.281000,-2.553349e-02,1.67052200e-03,0.000000e+00,0
2.282000,-2.528953e-02,1.64523200e-03,0.000000e+00,0
2.283000,-2.504145e-02,1.62019100e-03,0.000000e+00,0
2.284000,-2.478022e-02,1.59541100e-03,0.000000e+00,0
2.285000,-2.451747e-02,1.57089300e-03,0.000000e+00,0
2.286000,-2.425884e-02,1.54663400e-03,0.000000e+00,0
2.287000,-2.400288e-02,1.52263100e-03,0.000000e+00,0
2.288000,-2.374821e-02,1.49888300e-03,0.000000e+00,0
2.289000,-2.350274e-02,1.47538000e-03,0.000000e+00,0
2.290000,-2.326012e-02,1.45212000e-03,0.000000e+00,0
2.291000,-2.301234e-02,1.42910800e-03,0.000000e+00,0
2.292000,-2.276078e-02,1.40634700e-03,0.000000e+00,0
2.293000,-2.250932e-02,1.38383800e-03,0.000000e+00,0
2.294000,-2.225144e-02,1.36158600e-03,0.000000e+00,0
2.295000,-2.198994e-02,1.33959600e-03,0.000000e+00,0
2.296000,-2.173047e-02,1.31786600e-03,0.000000e+00,0
2.297000,-2.147812e-02,1.29638800e-03,0.000000e+00,0
2.298000,-2.122395e-02,1.27516400e-03,0.000000e+00,0
2.299000,-2.095985e-02,1.25420400e-03,8.053142e-08,1
2.300000,-2.068612e-02,1.23351800e-03,3.339794e-05,1
2.301000,-2.040275e-02,1.21311500e-03,6.592451e-05,1
2.302000,-2.011693e-02,1.19299800e-03,9.766892e-05,1
2.303000,-1.982054e-02,1.17317800e-03,1.285256e-04,1
2.304000,-1.951036e-02,1.15366700e-03,1.585311e-04,1
2.305000,-1.920373e-02,1.13446400e-03,1.877662e-04,1
2.306000,-1.890797e-02,1.11555600e-03,2.162064e-04,1
2.307000,-1.861601e-02,1.09694000e-03,2.436962e-04,1
2.308000,-1.831535e-02,1.07862400e-03,2.701587e-04,1
2.309000,-1.800578e-02,1.06061900e-03,2.954304e-04,1
2.310000,-1.768204e-02,1.04293700e-03,3.196795e-04,1
2.311000,-1.735934e-02,1.02557700e-03,3.432296e-04,1
2.312000,-1.705418e-02,1.00852300e-03,3.659380e-04,1
2.313000,-1.675520e-02,9.91768000e-04,3.875933e-04,1
2.314000,-1.645227e-02,9.75316000e-04,4.081386e-04,1
2.315000,-1.614476e-02,9.59171000e-04,4.280241e-04,1
2.316000,-1.585102e-02,9.43320000e-04,4.471618e-04,1
2.317000,-1.556518e-02,9.27755000e-04,4.655533e-04,1
2.318000,-1.528593e-02,9.12469000e-04,4.828617e-04,1
2.319000,-1.500180e-02,8.97467000e-04,4.989424e-04,1
2.320000,-1.470988e-02,8.82757000e-04,5.143733e-04,1
2.321000,-1.442825e-02,8.68329000e-04,5.291751e-04,1
2.322000,-1.415588e-02,8.54173000e-04,5.432126e-04,1
2.323000,-1.388796e-02,8.40285000e-04,5.563422e-04,1
2.324000,-1.362051e-02,8.26664000e-04,5.684325e-04,1
2.325000,-1.335062e-02,8.13314000e-04,5.795757e-04,1
2.326000,-1.308099e-02,8.00233000e-04,5.901473e-04,1
2.327000,-1.281995e-02,7.87413000e-04,6.005589e-04,1
2.328000,-1.257508e-02,7.74838000e-04,6.104949e-04,1
2.329000,-1.233796e-02,7.62500000e-04,6.197948e-04,1
2.330000,-1.210458e-02,7.50395000e-04,6.285804e-04,1
2.331000,-1.187693e-02,7.38518000e-04,6.176240e-04,1
2.332000,-1.165742e-02,7.26861000e-04,6.060690e-04,1
2.333000,-1.143932e-02,7.15421000e-04,5.947285e-04,1
2.334000,-1.122528e-02,7.04196000e-04,5.839112e-04,1
2.335000,-1.102110e-02,6.93175000e-04,5.737064e-04,1
2.336000,-1.082849e-02,6.82347000e-04,5.642863e-04,1
2.337000,-1.065069e-02,6.71696000e-04,5.551923e-04,1
2.338000,-1.047904e-02,6.61217000e-04,5.461853e-04,1
2.339000,-1.030904e-02,6.50908000e-04,5.378118e-04,1
2.340000,-1.015099e-02,6.40757000e-04,5.298330e-04,1
2.341000,-1.000040e-02,6.30756000e-04,5.217926e-04,1
2.342000,-9.848638e-03,6.20908000e-04,5.137458e-04,1
2.343000,-9.696759e-03,6.11211000e-04,5.062104e-04,1
2.344000,-9.554531e-03,6.01657000e-04,4.992268e-04,1
2.345000,-9.422717e-03,5.92234000e-04,4.926320e-04,1
2.346000,-9.298243e-03,5.82936000e-04,4.865090e-04,1
2.347000,-9.182673e-03,5.73753000e-04,4.807149e-04,1
2.348000,-9.073311e-03,5.64680000e-04,4.751203e-04,1
2.349000,-8.967716e-03,5.55712000e-04,4.697978e-04,1
2.350000,-8.867256e-03,5.46845000e-04,4.648696e-04,1
2.351000,-8.774237e-03,5.38070000e-04,4.597862e-04,1
2.352000,-8.678291e-03,5.29392000e-04,4.542074e-04,1
2.353000,-8.572993e-03,5.20819000e-04,4.485205e-04,1
2.354000,-8.465656e-03,5.12353000e-04,4.429012e-04,1
2.355000,-8.359592e-03,5.03994000e-04,4.373663e-04,1
2.356000,-8.255124e-03,4.95739000e-04,4.316393e-04,1
2.357000,-8.147028e-03,4.87592000e-04,4.259885e-04,1
2.358000,-8.040371e-03,4.79551000e-04,4.203634e-04,1
2.359000,-7.934200e-03,4.71617000e-04,4.148731e-04,1
2.360000,-7.830572e-03,4.63787000e-04,4.093747e-04,1
2.361000,-7.726793e-03,4.56060000e-04,4.040184e-04,1
2.362000,-7.625694e-03,4.48434000e-04,3.988944e-04,1
2.363000,-7.528981e-03,4.40905000e-04,3.936509e-04,1
2.364000,-7.430012e-03,4.33475000e-04,3.882315e-04,1
2.365000,-7.327723e-03,4.26147000e-04,3.828404e-04,1
2.366000,-7.225967e-03,4.18921000e-04,3.775295e-04,1
2.367000,-7.125726e-03,4.11796000e-04,3.723915e-04,1
2.368000,-7.028748e-03,4.04767000e-04,3.673257e-04,1
2.369000,-6.933133e-03,3.97834000e-04,3.622630e-04,1
2.370000,-6.837578e-03,3.90996000e-04,3.573451e-04,1
2.371000,-6.744754e-03,3.84251000e-04,3.522841e-04,1
2.372000,-6.649230e-03,3.77602000e-04,3.470380e-04,1
2.373000,-6.550210e-03,3.71052000e-04,3.418591e-04,1
2.374000,-6.452462e-03,3.64600000e-04,3.365397e-04,1
2.375000,-6.352060e-03,3.58247000e-04,3.310226e-04,1
2.376000,-6.247926e-03,3.52000000e-04,3.253959e-04,1
2.377000,-6.141725e-03,3.45858000e-04,3.197460e-04,1
2.378000,-6.035085e-03,3.39823000e-04,3.140604e-04,1
2.379000,-5.927771e-03,3.33895000e-04,3.084644e-04,1
2.380000,-5.822149e-03,3.28073000e-04,3.027827e-04,1
2.381000,-5.714909e-03,3.22358000e-04,2.972322e-04,1
2.382000,-5.610146e-03,3.16748000e-04,2.917323e-04,1
2.383000,-5.506336e-03,3.11241000e-04,2.861015e-04,1
2.384000,-5.400058e-03,3.05841000e-04,2.802553e-04,1
2.385000,-5.289713e-03,3.00552000e-04,2.741937e-04,1
2.386000,-5.175302e-03,2.95376000e-04,2.679066e-04,1
2.387000,-5.056636e-03,2.90320000e-04,2.616390e-04,1
2.388000,-4.938338e-03,2.85381000e-04,2.554279e-04,1
2.389000,-4.821105e-03,2.80560000e-04,2.492190e-04,1
2.390000,-4.703914e-03,2.75856000e-04,2.431075e-04,1
2.391000,-4.588562e-03,2.71268000e-04,2.369688e-04,1
2.392000,-4.472697e-03,2.66795000e-04,2.310121e-04,1
2.393000,-4.360266e-03,2.62435000e-04,2.251153e-04,1
2.394000,-4.248965e-03,2.58186000e-04,2.191850e-04,1
2.395000,-4.137034e-03,2.54049000e-04,2.134601e-04,1
2.396000,-4.028979e-03,2.50020000e-04,2.079335e-04,1
2.397000,-3.924667e-03,2.46095000e-04,2.025639e-04,1
2.398000,-3.823316e-03,2.42272000e-04,1.973482e-04,1
2.399000,-3.724873e-03,2.38547000e-04,1.922550e-04,1
2.400000,-3.628741e-03,2.34918000e-04,1.872420e-04,1
2.401000,-3.534123e-03,2.31384000e-04,1.823507e-04,1
2.402000,-3.441800e-03,2.27942000e-04,1.776179e-04,1
2.403000,-3.352471e-03,2.24590000e-04,1.730206e-04,1
2.404000,-3.265698e-03,2.21324000e-04,1.684535e-04,1
2.405000,-3.179495e-03,2.18145000e-04,1.640334e-04,1
2.406000,-3.096069e-03,2.15049000e-04,1.596232e-04,1
2.407000,-3.012828e-03,2.12036000e-04,1.551964e-04,1
2.408000,-2.929273e-03,2.09107000e-04,1.508877e-04,1
2.409000,-2.847949e-03,2.06259000e-04,1.466676e-04,1
2.410000,-2.768295e-03,2.03490000e-04,1.424894e-04,1
2.411000,-2.689434e-03,2.00801000e-04,1.384085e-04,1
2.412000,-2.612408e-03,1.98188000e-04,1.343660e-04,1
2.413000,-2.536108e-03,1.95652000e-04,1.302785e-04,1
2.414000,-2.458957e-03,1.93193000e-04,1.262575e-04,1
2.415000,-2.383062e-03,1.90810000e-04,1.223244e-04,1
2.416000,-2.308827e-03,1.88501000e-04,1.184124e-04,1
2.417000,-2.234990e-03,1.86266000e-04,1.144435e-04,1
2.418000,-2.160079e-03,1.84106000e-04,1.105413e-04,1
2.419000,-2.086426e-03,1.82020000e-04,1.067294e-04,1
2.420000,-2.014478e-03,1.80005000e-04,1.030327e-04,1
2.421000,-1.944703e-03,1.78061000e-04,9.944525e-05,1
2.422000,-1.876991e-03,1.76184000e-04,9.593196e-05,1
2.423000,-1.810679e-03,1.74373000e-04,9.250073e-05,1
2.424000,-1.745916e-03,1.72627000e-04,8.918590e-05,1
2.425000,-1.683350e-03,1.70944000e-04,8.594190e-05,1
2.426000,-1.622121e-03,1.69322000e-04,8.279832e-05,1
2.427000,-1.562787e-03,1.67759000e-04,7.978072e-05,1
2.428000,-1.505831e-03,1.66253000e-04,7.685602e-05,1
2.429000,-1.450628e-03,1.64802000e-04,7.407713e-05,1
2.430000,-1.398178e-03,1.63404000e-04,7.144314e-05,1
2.431000,-1.348462e-03,1.62056000e-04,6.895098e-05,1
2.432000,-1.301424e-03,1.60754000e-04,6.655427e-05,1
2.433000,-1.256187e-03,1.59498000e-04,6.423604e-05,1
2.434000,-1.212431e-03,1.58286000e-04,6.200480e-05,1
2.435000,-1.170317e-03,1.57115000e-04,5.982377e-05,1
2.436000,-1.129151e-03,1.55986000e-04,5.770424e-05,1
2.437000,-1.089146e-03,1.54897000e-04,5.564255e-05,1
2.438000,-1.050232e-03,1.53847000e-04,5.364405e-05,1
2.439000,-1.012511e-03,1.52834000e-04,5.169688e-05,1
2.440000,-9.757590e-04,1.51859000e-04,4.980416e-05,1
2.441000,-9.400347e-04,1.50919000e-04,4.798428e-05,1
2.442000,-9.056852e-04,1.50013000e-04,4.623210e-05,1
2.443000,-8.726134e-04,1.49140000e-04,4.456104e-05,1
2.444000,-8.410727e-04,1.48299000e-04,4.295437e-05,1
2.445000,-8.107475e-04,1.47489000e-04,4.141011e-05,1
2.446000,-7.816002e-04,1.46707000e-04,3.991721e-05,1
2.447000,-7.534222e-04,1.45954000e-04,3.847319e-05,1
2.448000,-7.261668e-04,1.45227000e-04,3.708886e-05,1
2.449000,-7.000381e-04,1.44527000e-04,3.577078e-05,1
2.450000,-6.751600e-04,1.43852000e-04,3.450588e-05,1
2.451000,-6.512855e-04,1.43201000e-04,3.328501e-05,1
2.452000,-6.282421e-04,1.42573000e-04,3.210261e-05,1
2.453000,-6.059247e-04,1.41967000e-04,3.095817e-05,1
2.454000,-5.843238e-04,1.41382000e-04,2.985564e-05,1
2.455000,-5.635139e-04,1.40819000e-04,2.879634e-05,1
2.456000,-5.435201e-04,1.40275000e-04,2.777978e-05,1
2.457000,-5.243329e-04,1.39751000e-04,2.679294e-05,1
2.458000,-5.057066e-04,1.39245000e-04,2.582687e-05,1
2.459000,-4.874725e-04,1.38758000e-04,2.489915e-05,1
2.460000,-4.699620e-04,1.38288000e-04,2.401064e-05,1
2.461000,-4.531918e-04,1.37835000e-04,2.315287e-05,1
2.462000,-4.370016e-04,1.37398000e-04,2.231919e-05,1
2.463000,-4.212662e-04,1.36976000e-04,2.151486e-05,1
2.464000,-4.060849e-04,1.36570000e-04,2.073788e-05,1
2.465000,-3.914197e-04,1.36179000e-04,1.999127e-05,1
2.466000,-3.773278e-04,1.35802000e-04,1.927049e-05,1
2.467000,-3.637232e-04,1.35438000e-04,1.856453e-05,1
2.468000,-3.503985e-04,1.35087000e-04,1.787849e-05,1
2.469000,-3.374497e-04,1.34750000e-04,1.722365e-05,1
2.470000,-3.250898e-04,1.34425000e-04,1.658283e-05,1
2.471000,-3.129947e-04,1.34112000e-04,1.597137e-05,1
2.472000,-3.014536e-04,1.33810000e-04,1.538949e-05,1
2.473000,-2.904708e-04,1.33520000e-04,1.482735e-05,1
2.474000,-2.798606e-04,1.33240000e-04,1.427940e-05,1
2.475000,-2.695182e-04,1.32971000e-04,1.374890e-05,1
2.476000,-2.595053e-04,1.32711000e-04,1.323761e-05,1
2.477000,-2.498550e-04,1.32461000e-04,1.274718e-05,1
2.478000,-2.405982e-04,1.32221000e-04,1.227420e-05,1
2.479000,-2.316709e-04,1.31989000e-04,1.181589e-05,1
2.480000,-2.230204e-04,1.31766000e-04,1.137146e-05,1
2.481000,-2.146319e-04,1.31551000e-04,1.094169e-05,1
2.482000,-2.065203e-04,1.31345000e-04,1.052678e-05,1
2.483000,-1.986890e-04,1.31146000e-04,1.012602e-05,1
2.484000,-1.911248e-04,1.30955000e-04,9.738273e-06,1
2.485000,-1.838062e-04,1.30771000e-04,9.362882e-06,1
2.486000,-1.767209e-04,1.30594000e-04,8.999591e-06,1
2.487000,-1.698639e-04,1.30425000e-04,8.648263e-06,1
2.488000,-1.632327e-04,1.30261000e-04,8.308517e-06,1
2.489000,-1.568201e-04,1.30105000e-04,7.979851e-06,1
2.490000,-1.506167e-04,1.29954000e-04,7.661788e-06,1
2.491000,-1.446133e-04,1.29809000e-04,7.353994e-06,1
2.492000,-1.388039e-04,1.29671000e-04,7.056190e-06,1
2.493000,-1.331829e-04,1.29537000e-04,6.768086e-06,1
2.494000,-1.277451e-04,1.29410000e-04,6.489347e-06,1
2.495000,-1.224840e-04,1.29287000e-04,6.219642e-06,1
2.496000,-1.173934e-04,1.29170000e-04,5.958670e-06,1
2.497000,-1.124676e-04,1.29057000e-04,5.706164e-06,1
2.498000,-1.077017e-04,1.28950000e-04,5.461864e-06,1
2.499000,-1.030906e-04,1.28846000e-04,5.225509e-06,1
2.500000,-9.862951e-05,1.28748000e-04,4.996839e-06,1
2.501000,-9.431345e-05,1.28654000e-04,4.775607e-06,1
2.502000,-9.013777e-05,1.28563000e-04,4.561577e-06,1
2.503000,-8.609804e-05,1.28477000e-04,4.354527e-06,1
2.504000,-8.219004e-05,1.28395000e-04,4.154236e-06,1
2.505000,-7.840964e-05,1.28317000e-04,3.960492e-06,1
2.506000,-7.475279e-05,1.28242000e-04,3.773087e-06,1
2.507000,-7.121559e-05,1.28171000e-04,3.591823e-06,1
2.508000,-6.779430e-05,1.28103000e-04,3.416507e-06,1
2.509000,-6.448528e-05,1.28038000e-04,3.246955e-06,1
2.510000,-6.128504e-05,1.27977000e-04,3.082985e-06,1
2.511000,-5.819018e-05,1.27919000e-04,2.924425e-06,1
2.512000,-5.519741e-05,1.27864000e-04,2.771104e-06,1
2.513000,-5.230354e-05,1.27811000e-04,2.622860e-06,1
2.514000,-4.950549e-05,1.27762000e-04,2.479535e-06,1
2.515000,-4.680028e-05,1.27715000e-04,2.340976e-06,1
2.516000,-4.418503e-05,1.27671000e-04,2.207034e-06,1
2.517000,-4.165694e-05,1.27629000e-04,2.077567e-06,1
2.518000,-3.921329e-05,1.27590000e-04,1.952435e-06,1
2.519000,-3.685148e-05,1.27553000e-04,1.831505e-06,1
2.520000,-3.456896e-05,1.27519000e-04,1.714644e-06,1
2.521000,-3.236326e-05,1.27486000e-04,1.601728e-06,1
2.522000,-3.023202e-05,1.27456000e-04,1.492634e-06,1
2.523000,-2.817291e-05,1.27428000e-04,1.387244e-06,1
2.524000,-2.618370e-05,1.27402000e-04,1.285442e-06,1
2.525000,-2.426223e-05,1.27377000e-04,1.187117e-06,1
2.526000,-2.240639e-05,1.27355000e-04,1.092162e-06,1
2.527000,-2.061414e-05,1.27334000e-04,1.000472e-06,1
2.528000,-1.888353e-05,1.27316000e-04,9.119453e-07,1
2.529000,-1.721262e-05,1.27298000e-04,8.264844e-07,1
2.530000,-1.559958e-05,1.27283000e-04,7.439940e-07,1
2.531000,-1.404261e-05,1.27269000e-04,6.643818e-07,1
2.532000,-1.253996e-05,1.27256000e-04,5.875585e-07,1
2.533000,-1.108994e-05,1.27245000e-04,5.134373e-07,1
2.534000,-9.690934e-06,1.27235000e-04,4.419343e-07,1
2.535000,-8.341342e-06,1.27227000e-04,3.729680e-07,1
2.536000,-7.039630e-06,1.27220000e-04,3.064595e-07,1
2.537000,-5.784308e-06,1.27214000e-04,2.423323e-07,1
2.538000,-4.573931e-06,1.27210000e-04,1.805121e-07,1
2.539000,-3.407098e-06,1.27206000e-04,1.209270e-07,1
2.540000,-2.282452e-06,1.27204000e-04,6.350724e-08,1
2.541000,-1.198675e-06,1.27203000e-04,8.185116e-09,1
2.542000,-1.544910e-07,1.27203000e-04,4.510493e-08,1
2.543000,8.513385e-07,1.27203000e-04,9.642650e-08,1
2.544000,1.820014e-06,1.27205000e-04,1.458413e-07,1
2.545000,2.752699e-06,1.27208000e-04,1.934090e-07,1
2.546000,3.650522e-06,1.27212000e-04,2.391878e-07,1
2.547000,4.514579e-06,1.27216000e-04,2.832338e-07,1
2.548000,5.345931e-06,1.27222000e-04,3.256015e-07,1
2.549000,6.145606e-06,1.27228000e-04,3.663439e-07,1
2.550000,6.914604e-06,1.27235000e-04,4.055123e-07,1
2.551000,7.653891e-06,1.27242000e-04,4.431563e-07,1
2.552000,8.364407e-06,1.27251000e-04,4.793242e-07,1
2.553000,9.047062e-06,1.27260000e-04,5.140627e-07,1
2.554000,9.702739e-06,1.27269000e-04,5.474173e-07,1
2.555000,1.033229e-05,1.27280000e-04,5.794318e-07,1
2.556000,1.093656e-05,1.27291000e-04,6.101491e-07,1
2.557000,1.151633e-05,1.27302000e-04,6.396103e-07,1
2.558000,1.207240e-05,1.27314000e-04,6.678558e-07,1
2.559000,1.260552e-05,1.27327000e-04,6.949242e-07,1
2.560000,1.311643e-05,1.27340000e-04,7.208535e-07,1
2.561000,1.360584e-05,1.27354000e-04,7.456801e-07,1
2.562000,1.407443e-05,1.27368000e-04,7.694396e-07,1
2.563000,1.452288e-05,1.27382000e-04,7.921663e-07,1
2.564000,1.495184e-05,1.27397000e-04,8.138937e-07,1
2.565000,1.536194e-05,1.27412000e-04,8.346541e-07,1
2.566000,1.575378e-05,1.27428000e-04,8.544788e-07,1
2.567000,1.612796e-05,1.27444000e-04,8.733983e-07,1
2.568000,1.648506e-05,1.27461000e-04,8.914422e-07,1
2.569000,1.682563e-05,1.27478000e-04,9.086389e-07,1
2.570000,1.715022e-05,1.27495000e-04,9.250163e-07,1
2.571000,1.745933e-05,1.27512000e-04,9.406013e-07,1
2.572000,1.775349e-05,1.27530000e-04,9.554200e-07,1
2.573000,1.803319e-05,1.27548000e-04,9.694976e-07,1
2.574000,1.829890e-05,1.27566000e-04,9.828587e-07,1
2.575000,1.855109e-05,1.27585000e-04,9.955270e-07,1
2.576000,1.879020e-05,1.27604000e-04,1.007526e-06,1
2.577000,1.901667e-05,1.27623000e-04,1.018877e-06,1
2.578000,1.923092e-05,1.27642000e-04,1.029603e-06,1
2.579000,1.943336e-05,1.27661000e-04,1.039724e-06,1
2.580000,1.962439e-05,1.27681000e-04,1.049261e-06,1
2.581000,1.980440e-05,1.27701000e-04,1.058233e-06,1
2.582000,1.997375e-05,1.27721000e-04,1.066660e-06,1
2.583000,2.013280e-05,1.27741000e-04,1.074560e-06,1
2.584000,2.028192e-05,1.27761000e-04,1.081951e-06,1
2.585000,2.042143e-05,1.27782000e-04,1.088851e-06,1
2.586000,2.055166e-05,1.27802000e-04,1.095277e-06,1
2.587000,2.067294e-05,1.27823000e-04,1.101245e-06,1
2.588000,2.078558e-05,1.27844000e-04,1.106770e-06,1
2.589000,2.088986e-05,1.27864000e-04,1.111868e-06,1
2.590000,2.098610e-05,1.27885000e-04,1.116555e-06,1
2.591000,2.107456e-05,1.27907000e-04,1.120845e-06,1
2.592000,2.115552e-05,1.27928000e-04,1.124750e-06,1
2.593000,2.122924e-05,1.27949000e-04,1.128287e-06,1
2.594000,2.129598e-05,1.27970000e-04,1.131466e-06,1
2.595000,2.135600e-05,1.27992000e-04,1.134302e-06,1
2.596000,2.140952e-05,1.28013000e-04,1.136806e-06,1
2.597000,2.145678e-05,1.28034000e-04,1.138991e-06,1
2.598000,2.149802e-05,1.28056000e-04,1.140867e-06,1
2.599000,2.153344e-05,1.28077000e-04,1.142447e-06,1
2.600000,2.156326e-05,1.28099000e-04,1.143742e-06,1
2.601000,2.158769e-05,1.28121000e-04,1.144761e-06,1
2.602000,2.160692e-05,1.28142000e-04,1.145515e-06,1
2.603000,2.162115e-05,1.28164000e-04,1.146013e-06,1
2.604000,2.163057e-05,1.28186000e-04,1.146267e-06,1
2.605000,2.163535e-05,1.28207000e-04,1.146284e-06,1
2.606000,2.163567e-05,1.28229000e-04,1.146074e-06,1
2.607000,2.163170e-05,1.28250000e-04,1.145645e-06,1
2.608000,2.162361e-05,1.28272000e-04,1.145006e-06,1
2.609000,2.161156e-05,1.28294000e-04,1.144165e-06,1
2.610000,2.159569e-05,1.28315000e-04,1.143131e-06,1
2.611000,2.157616e-05,1.28337000e-04,1.141909e-06,1
2.612000,2.155311e-05,1.28358000e-04,1.140509e-06,1
2.613000,2.152668e-05,1.28380000e-04,1.138938e-06,1
2.614000,2.149702e-05,1.28401000e-04,1.137201e-06,1
2.615000,2.146424e-05,1.28423000e-04,1.135306e-06,1
2.616000,2.142848e-05,1.28444000e-04,1.133260e-06,1
2.617000,2.138985e-05,1.28466000e-04,1.131068e-06,1
2.618000,2.134849e-05,1.28487000e-04,1.128738e-06,1
2.619000,2.130450e-05,1.28508000e-04,1.126274e-06,1
2.620000,2.125799e-05,1.28530000e-04,1.123682e-06,1
2.621000,2.120908e-05,1.28551000e-04,1.120969e-06,1
2.622000,2.115786e-05,1.28572000e-04,1.118138e-06,1
2.623000,2.110444e-05,1.28593000e-04,1.115196e-06,1
2.624000,2.104891e-05,1.28614000e-04,1.112148e-06,1
2.625000,2.099138e-05,1.28635000e-04,1.108998e-06,1
2.626000,2.093192e-05,1.28656000e-04,1.105751e-06,1
2.627000,2.087064e-05,1.28677000e-04,1.102412e-06,1
2.628000,2.080760e-05,1.28698000e-04,1.098984e-06,1
2.629000,2.074291e-05,1.28718000e-04,1.095473e-06,1
2.630000,2.067663e-05,1.28739000e-04,1.091882e-06,1
2.631000,2.060885e-05,1.28760000e-04,1.088214e-06,1
2.632000,2.053964e-05,1.28780000e-04,1.084475e-06,1
2.633000,2.046906e-05,1.28801000e-04,1.080668e-06,1
2.634000,2.039720e-05,1.28821000e-04,1.076796e-06,1
2.635000,2.032412e-05,1.28841000e-04,1.072862e-06,1
2.636000,2.024987e-05,1.28862000e-04,1.068871e-06,1
2.637000,2.017454e-05,1.28882000e-04,1.064825e-06,1
2.638000,2.009817e-05,1.28902000e-04,1.060727e-06,1
2.639000,2.002082e-05,1.28922000e-04,1.056581e-06,1
2.640000,1.994256e-05,1.28942000e-04,1.052388e-06,1
2.641000,1.986343e-05,1.28962000e-04,1.048153e-06,1
2.642000,1.978350e-05,1.28982000e-04,1.043878e-06,1
2.643000,1.970280e-05,1.29001000e-04,1.039565e-06,1
2.644000,1.962139e-05,1.29021000e-04,1.035216e-06,1
2.645000,1.953932e-05,1.29040000e-04,1.030836e-06,1
2.646000,1.945663e-05,1.29060000e-04,1.026424e-06,1
2.647000,1.937337e-05,1.29079000e-04,1.021985e-06,1
2.648000,1.928958e-05,1.29099000e-04,1.017520e-06,1
2.649000,1.920530e-05,1.29118000e-04,1.013030e-06,1
2.650000,1.912056e-05,1.29137000e-04,1.008519e-06,1
2.651000,1.903542e-05,1.29156000e-04,1.003989e-06,1
2.652000,1.894990e-05,1.29175000e-04,9.994397e-07,1
2.653000,1.886405e-05,1.29194000e-04,9.948747e-07,1
2.654000,1.877788e-05,1.29213000e-04,9.902953e-07,1
2.655000,1.869145e-05,1.29231000e-04,9.857032e-07,1
2.656000,1.860477e-05,1.29250000e-04,9.810999e-07,1
2.657000,1.851789e-05,1.29268000e-04,9.764871e-07,1
2.658000,1.843082e-05,1.29287000e-04,9.718662e-07,1
2.659000,1.834361e-05,1.29305000e-04,9.672387e-07,1
2.660000,1.825626e-05,1.29323000e-04,9.626060e-07,1
2.661000,1.816882e-05,1.29342000e-04,9.579693e-07,1
2.662000,1.808131e-05,1.29360000e-04,9.533301e-07,1
2.663000,1.799374e-05,1.29378000e-04,9.486894e-07,1
2.664000,1.790615e-05,1.29396000e-04,9.440486e-07,1
2.665000,1.781856e-05,1.29413000e-04,9.394087e-07,1
2.666000,1.773098e-05,1.29431000e-04,9.347709e-07,1
2.667000,1.764345e-05,1.29449000e-04,9.301361e-07,1
2.668000,1.755597e-05,1.29466000e-04,9.255055e-07,1
2.669000,1.746857e-05,1.29484000e-04,9.208799e-07,1
2.670000,1.738126e-05,1.29501000e-04,9.162602e-07,1
2.671000,1.729407e-05,1.29518000e-04,9.116475e-07,1
2.672000,1.720700e-05,1.29536000e-04,9.070425e-07,1
2.673000,1.712008e-05,1.29553000e-04,9.024460e-07,1
2.674000,1.703333e-05,1.29570000e-04,8.978588e-07,1
2.675000,1.694675e-05,1.29587000e-04,8.932818e-07,1
2.676000,1.686036e-05,1.29604000e-04,8.887154e-07,1
2.677000,1.677417e-05,1.29620000e-04,8.841606e-07,1
2.678000,1.668820e-05,1.29637000e-04,8.796179e-07,1
2.679000,1.660246e-05,1.29654000e-04,8.750879e-07,1
2.680000,1.651695e-05,1.29670000e-04,8.705713e-07,1
2.681000,1.643170e-05,1.29687000e-04,8.660685e-07,1
2.682000,1.634672e-05,1.29703000e-04,8.615802e-07,1
2.683000,1.626200e-05,1.29719000e-04,8.571069e-07,1
2.684000,1.617757e-05,1.29735000e-04,8.526490e-07,1
2.685000,1.609343e-05,1.29751000e-04,8.482070e-07,1
2.686000,1.600959e-05,1.29767000e-04,8.437814e-07,1
2.687000,1.592606e-05,1.29783000e-04,8.393726e-07,1
2.688000,1.584284e-05,1.29799000e-04,8.349809e-07,1
2.689000,1.575995e-05,1.29815000e-04,8.306068e-07,1
2.690000,1.567739e-05,1.29831000e-04,8.262506e-07,1
2.691000,1.559517e-05,1.29846000e-04,8.219127e-07,1
2.692000,1.551329e-05,1.29862000e-04,8.175933e-07,1
2.693000,1.543176e-05,1.29877000e-04,8.132928e-07,1
2.694000,1.535059e-05,1.29893000e-04,8.090115e-07,1
2.695000,1.526979e-05,1.29908000e-04,8.047496e-07,1
2.696000,1.518934e-05,1.29923000e-04,8.005073e-07,1
2.697000,1.510927e-05,1.29938000e-04,7.962850e-07,1
2.698000,1.502958e-05,1.29953000e-04,7.920827e-07,1
2.699000,1.495026e-05,1.29968000e-04,7.879009e-07,1
2.700000,1.487133e-05,1.29983000e-04,7.837395e-07,1
